Kernel-V v0.7.1 - Hello Devjit!
Kernel-V is running! Welcome to your custom kernel, Devjit!
[INFO] [IDT] Success: Registered handle for Interrupt vector index 14
[INFO] [IDT] Success: Registered handle for Interrupt vector index 32
[INFO] [IDT] Loaded successfully!
[INFO] [PIC] Remapped to interrupts 32-39 and 40-47
[INFO] [PIC] Initialized successfully!
[INFO] [GDT] GDT initialized and loaded
[INFO] [PIT] Initialized Successfully at 100 Hz
[INFO] [PROCESS_MGMT] Frame Bitmap initialized at address: 0x90000
[INFO] [PAGING] Paging enabled successfully!
[INFO] Paging initialized successfully!
[INFO] Switched to high virtual stack!

===========================
| Register   | Value      |
---------------------------
|        EAX | 0xc1001234 |
|        EBX | 0x00000000 |
|        ECX | 0xc2ffff69 |
|        EDX | 0x000003f8 |
|        ESI | 0x00007f29 |
|        EDI | 0x00005090 |
|        EBP | 0xc2ffffec |
|        ESP | 0xc2ffffb0 |
---------------------------
|     INT_NO | 0x0000000e |
|    ERRCODE | 0x00000002 |
---------------------------
|        EIP | 0x0001334f |
|         CS | 0x00000008 |
|     EFLAGS | 0x00000082 |
===========================
[INFO] [IDT] Interrupt 14 (PAGE_FAULT) fired: (count=1, eip=0x0001334f)
[INFO] Process management subsystem initialized
[INFO] Kernel main registered as process PID 2
[INFO] [IDT] Interrupt 32 (TIMER) fired: (count=1, eip=0x000133bc)
[INFO] [TIMER] First timer interrupt received!
[INFO] [TICK 1] kernel_main: timeslice ticks = 9
[INFO] Scheduling enabled - kernel main is now schedulable
[INFO] Interrupts successfully enabled (EFLAGS=0x00000282, IF bit set)
[INFO] [INFO] [TICK 2] kernel_main: timeslice ticks = 8
Starting kernel tests...
[VERBOSE] ==================================================
[VERBOSE] Running Kernel Tests...
[VERBOSE] ==================================================
[VERBOSE] Running Process/Integration Tests...
[VERBOSE] Test processes created successfully
[VERBOSE] Starting scheduler with idle process...
[INFO] [INFO] [TICK 3] kernel_main: timeslice ticks = 7
Selected next process: thread1
[VERBOSE] Process thread1 is running! iteration 1/3
[INFO] Selected next process: thread2
[VERBOSE] Thread thread2 is running, for [0 / 100]
[VERBOSE] Thread thread2 is running, for [1 / 100]
[VERBOSE] Thread thread2 is running, for [2 / 100]
[VERBOSE] [INFO] [TICK 4] thread2: timeslice ticks = 9
Thread thread2 is running, for [3 / 100]
[VERBOSE] Thread thread2 is running, for [4 / 100]
[VERBOSE] Thread thread2 is running, for [5 / 100]
[VERBOSE] Thread thread2 is running, for [6 / 100]
[VERBOSE] Thread thread2 is running, for [7 / 100]
[VERBOSE] Thread thread2 is running, for [8 / 100]
[VERBOSE] [INFO] [TICK 5] thread2: timeslice ticks = 8
Thread thread2 is running, for [9 / 100]
[VERBOSE] Thread thread2 is running, for [10 / 100]
[VERBOSE] Thread thread2 is running, for [11 / 100]
[VERBOSE] Thread thread2 is running, for [12 / 100]
[VERBOSE] Thread thread2 is running, for [13 / 100]
[VERBOSE] Thread thread2 is running, for [14 / 100]
[VERBOSE] Thread thread2 is running, for [15 / 100]
[VERBOSE] [INFO] [TICK 6] thread2: timeslice ticks = 7
Thread thread2 is running, for [16 / 100]
[VERBOSE] Thread thread2 is running, for [17 / 100]
[VERBOSE] Thread thread2 is running, for [18 / 100]
[VERBOSE] Thread thread2 is running, for [19 / 100]
[VERBOSE] Thread thread2 is running, for [20 / 100]
[VERBOSE] Thread thread2 is running, for [21 / 100]
[VERBOSE] [INFO] [TICK 7] thread2: timeslice ticks = 6
Thread thread2 is running, for [22 / 100]
[VERBOSE] Thread thread2 is running, for [23 / 100]
[VERBOSE] Thread thread2 is running, for [24 / 100]
[VERBOSE] Thread thread2 is running, for [25 / 100]
[VERBOSE] Thread thread2 is running, for [26 / 100]
[VERBOSE] Thread thread2 is running, for [27 / 100]
[VERBOSE] [INFO] [TICK 8] thread2: timeslice ticks = 5
Thread thread2 is running, for [28 / 100]
[VERBOSE] Thread thread2 is running, for [29 / 100]
[VERBOSE] Thread thread2 is running, for [30 / 100]
[VERBOSE] Thread thread2 is running, for [31 / 100]
[VERBOSE] Thread thread2 is running, for [32 / 100]
[VERBOSE] Thread thread2 is running, for [33 / 100]
[VERBOSE] T[INFO] [TICK 9] thread2: timeslice ticks = 4
hread thread2 is running, for [34 / 100]
[VERBOSE] Thread thread2 is running, for [35 / 100]
[VERBOSE] Thread thread2 is running, for [36 / 100]
[VERBOSE] Thread thread2 is running, for [37 / 100]
[VERBOSE] Thread thread2 is running, for [38 / 100]
[VERBOSE] Thread thread2 is running, for [39 / 100]
[VERBOSE] Thread thread2 is running, for [40 / 100]
[VERBOSE] [INFO] [TICK 10] thread2: timeslice ticks = 3
Thread thread2 is running, for [41 / 100]
[VERBOSE] Thread thread2 is running, for [42 / 100]
[VERBOSE] Thread thread2 is running, for [43 / 100]
[VERBOSE] Thread thread2 is running, for [44 / 100]
[VERBOSE] Thread thread2 is running, for [45 / 100]
[VERBOSE] Thread thread2 is running, for [46 / 100]
[VERBOSE] Thread thread2 is running, for [47 / 100]
[VERBOSE] [INFO] [TICK 11] thread2: timeslice ticks = 2
Thread thread2 is running, for [48 / 100]
[VERBOSE] Thread thread2 is running, for [49 / 100]
[VERBOSE] Thread thread2 is running, for [50 / 100]
[VERBOSE] Thread thread2 is running, for [51 / 100]
[VERBOSE] Thread thread2 is running, for [52 / 100]
[VERBOSE] Thread thread2 is running, for [53 / 100]
[VERBOSE] [INFO] [TICK 12] thread2: timeslice ticks = 1
Thread thread2 is running, for [54 / 100]
[VERBOSE] Thread thread2 is running, for [55 / 100]
[VERBOSE] Thread thread2 is running, for [56 / 100]
[VERBOSE] Thread thread2 is running, for [57 / 100]
[VERBOSE] Thread thread2 is running, for [58 / 100]
[VERBOSE] Thread thread2 is running, for [59 / 100]
[VERBOSE] [INFO] [TICK 13] thread2: timeslice ticks = 0
[INFO] thread2 out of timeslice! Switching...
[INFO] Selected next process: thread3
[VERBOSE] Thread thread3 sleeping, i=0
[INFO] Selected next process: idle
[INFO] Selected next process: kernel_main
[VERBOSE] Waiting for test processes to finish: 3 remaining
[INFO] Selected next process: thread1
[VERBOSE] Process thread1 is running! iteration 2/3
[INFO] Selected next process: thread2
[INFO] [TICK 14] thread2: timeslice ticks = 9
Thread thread2 is running, for [60 / 100]
[VERBOSE] [INFO] [TICK 15] thread2: timeslice ticks = 8
Thread thread2 is running, for [61 / 100]
[VERBOSE] Thread thread2 is running, for [62 / 100]
[VERBOSE] Thread thread2 is running, for [63 / 100]
[VERBOSE] Thread thread2 is running, for [64 / 100]
[VERBOSE] Thread thread2 is running, for [65 / 100]
[VERBOSE] Thread thread2 is running, for [66 / 100]
[VERBOSE] Thread thread2 is running, for [67 / 100]
[VERBOSE] [INFO] [TICK 16] thread2: timeslice ticks = 7
Thread thread2 is running, for [68 / 100]
[VERBOSE] Thread thread2 is running, for [69 / 100]
[VERBOSE] Thread thread2 is running, for [70 / 100]
[VERBOSE] Thread thread2 is running, for [71 / 100]
[VERBOSE] Thread thread2 is running, for [72 / 100]
[VERBOSE] Thread thread2 is running, for [73 / 100]
[VERBOSE] [INFO] [TICK 17] thread2: timeslice ticks = 6
Thread thread2 is running, for [74 / 100]
[VERBOSE] Thread thread2 is running, for [75 / 100]
[VERBOSE] Thread thread2 is running, for [76 / 100]
[VERBOSE] Thread thread2 is running, for [77 / 100]
[VERBOSE] Thread thread2 is running, for [78 / 100]
[VERBOSE] Thread thread2 is running, for [79 / 100]
[VERBOSE] Thread thread2 is running, for [80 / 100]
[VERBOSE] [INFO] [TICK 18] thread2: timeslice ticks = 5
Thread thread2 is running, for [81 / 100]
[VERBOSE] Thread thread2 is running, for [82 / 100]
[VERBOSE] Thread thread2 is running, for [83 / 100]
[VERBOSE] Thread thread2 is running, for [84 / 100]
[VERBOSE] Thread thread2 is running, for [85 / 100]
[VERBOSE] Thread thread2 is running, for [86 / 100]
[VERBOSE] Thread thread2 is running, for [87 / 100]
[VERBOSE] [INFO] [TICK 19] thread2: timeslice ticks = 4
Thread thread2 is running, for [88 / 100]
[VERBOSE] Thread thread2 is running, for [89 / 100]
[VERBOSE] Thread thread2 is running, for [90 / 100]
[VERBOSE] Thread thread2 is running, for [91 / 100]
[VERBOSE] Thread thread2 is running, for [92 / 100]
[VERBOSE] Thread thread2 is running, for [93 / 100]
[INFO] [TICK 20] thread2: timeslice ticks = 3
[VERBOSE] Thread thread2 is running, for [94 / 100]
[VERBOSE] Thread thread2 is running, for [95 / 100]
[VERBOSE] Thread thread2 is running, for [96 / 100]
[VERBOSE] Thread thread2 is running, for [97 / 100]
[VERBOSE] Thread thread2 is running, for [98 / 100]
[VERBOSE] Thread thread2 is running, for [99 / 100]
[VERBOSE] [EXIT PROCESS] Process thread2 finished after 100000 iterations, terminating
[INFO] [TICK 21] thread2: timeslice ticks = 2
[INFO] Selected next process: kernel_main
[VERBOSE] Waiting for test processes to finish: 2 remaining
[INFO] [INFO] [TICK 22] kernel_main: timeslice ticks = 9
Selected next process: thread1
[VERBOSE] Process thread1 is running! iteration 3/3
[INFO] Selected next process: idle
[INFO] [INFO] [TICK 23] idle: timeslice ticks = -1
Selected next process: kernel_main
[VERBOSE] Waiting for test processes to finish: 2 remaining
[INFO] Selected next process: thread1
[VERBOSE] [EXIT PROCESS] Process thread1 finished, terminating
[INFO] Selected next process: kernel_main
[VERBOSE] Waiting for test processes to finish: 1 remaining
[INFO] Selected next process: idle
[INFO] [INFO] [TICK 25] idle: timeslice ticks = -2
Selected next process: kernel_main
[VERBOSE] Waiting for test processes to finish: 1 remaining
[INFO] Selected next process: idle
[INFO] [INFO] [TICK 26] idle: timeslice ticks = -3
Selected next process: kernel_main
[VERBOSE] Waiting for test processes to finish: 1 remaining
[INFO] Selected next process: idle
[INFO] [INFO] [TICK 27] idle: timeslice ticks = -4
Selected next process: kernel_main
[VERBOSE] Waiting for test processes to finish: 1 remaining
[INFO] Selected next process: idle
[INFO] [INFO] [TICK 28] idle: timeslice ticks = -5
Selected next process: kernel_main
[VERBOSE] Waiting for test processes to finish: 1 remaining
[INFO] Selected next process: idle
[INFO] [TICK 29] idle: timeslice ticks = -6
[INFO] Selected next process: kernel_main
[VERBOSE] Waiting for test processes to finish: 1 remaining
[INFO] Selected next process: idle
[INFO] [INFO] [TICK 30] idle: timeslice ticks = -7
Selected next process: kernel_main
[VERBOSE] Waiting for test processes to finish: 1 remaining
[INFO] Selected next process: idle
[INFO] [INFO] [TICK 31] idle: timeslice ticks = -8
Selected next process: kernel_main
[VERBOSE] Waiting for test processes to finish: 1 remaining
[INFO] Selected next process: idle
[INFO] [INFO] [TICK 32] idle: timeslice ticks = -9
Selected next process: kernel_main
[VERBOSE] Waiting for test processes to finish: 1 remaining
[INFO] Selected next process: idle
[INFO] [INFO] [TICK 33] idle: timeslice ticks = -10
Selected next process: kernel_main
[VERBOSE] Waiting for test processes to finish: 1 remaining
[INFO] Selected next process: idle
[INFO] [TICK 34] idle: timeslice ticks = -11
[INFO] Selected next process: kernel_main
[VERBOSE] Waiting for test processes to finish: 1 remaining
[INFO] Selected next process: idle
[INFO] [TICK 35] idle: timeslice ticks = -12
[INFO] Selected next process: kernel_main
[VERBOSE] Waiting for test processes to finish: 1 remaining
[INFO] Selected next process: idle
[INFO] [INFO] [TICK 36] idle: timeslice ticks = -13
Selected next process: kernel_main
[VERBOSE] Waiting for test processes to finish: 1 remaining
[INFO] Selected next process: idle
[INFO] [INFO] [TICK 37] idle: timeslice ticks = -14
Selected next process: kernel_main
[VERBOSE] Waiting for test processes to finish: 1 remaining
[INFO] Selected next process: idle
[I[INFO] [TICK 38] idle: timeslice ticks = -15
NFO] Selected next process: kernel_main
[VERBOSE] Waiting for test processes to finish: 1 remaining
[INFO] Selected next process: idle
[INFO] [INFO] [TICK 39] idle: timeslice ticks = -16
Selected next process: kernel_main
[VERBOSE] Waiting for test processes to finish: 1 remaining
[INFO] Selected next process: idle
[INFO] [INFO] [TICK 40] idle: timeslice ticks = -17
Selected next process: kernel_main
[VERBOSE] Waiting for test processes to finish: 1 remaining
[INFO] Selected next process: idle
[INFO] [INFO] [TICK 41] idle: timeslice ticks = -18
Selected next process: kernel_main
[VERBOSE] Waiting for test processes to finish: 1 remaining
[INFO] Selected next process: idle
[INFO] [INFO] [TICK 42] idle: timeslice ticks = -19
Selected next process: kernel_main
[VERBOSE] Waiting for test processes to finish: 1 remaining
[INFO] Selected next process: idle
[INFO] [TICK 43] idle: timeslice ticks = -20
[INFO] Selected next process: kernel_main
[VERBOSE] Waiting for test processes to finish: 1 remaining
[INFO] Selected next process: idle
[INFO] [INFO] [TICK 44] idle: timeslice ticks = -21
Selected next process: kernel_main
[VERBOSE] Waiting for test processes to finish: 1 remaining
[INFO] Selected next process: idle
[INFO] [INFO] [TICK 45] idle: timeslice ticks = -22
Selected next process: kernel_main
[VERBOSE] Waiting for test processes to finish: 1 remaining
[INFO] Selected next process: idle
[INFO] [TICK 46] idle: timeslice ticks = -23
[INFO] Selected next process: kernel_main
[VERBOSE] Waiting for test processes to finish: 1 remaining
[INFO] Selected next process: idle
[INFO] [TICK 47] idle: timeslice ticks = -24
[INFO] Selected next process: kernel_main
[VERBOSE] Waiting for test processes to finish: 1 remaining
[INFO] Selected next process: idle
[INFO] [INFO] [TICK 48] idle: timeslice ticks = -25
Selected next process: kernel_main
[VERBOSE] Waiting for test processes to finish: 1 remaining
[INFO] Selected next process: idle
[INFO] [INFO] [TICK 49] idle: timeslice ticks = -26
Selected next process: kernel_main
[VERBOSE] Waiting for test processes to finish: 1 remaining
[INFO] Selected next process: idle
[INFO] [TICK 50] idle: timeslice ticks = -27
[INFO] Selected next process: kernel_main
[VERBOSE] Waiting for test processes to finish: 1 remaining
[INFO] Selected next process: idle
[INFO] [INFO] [TICK 51] idle: timeslice ticks = -28
Selected next process: kernel_main
[VERBOSE] Waiting for test processes to finish: 1 remaining
[INFO] Selected next process: idle
[INFO] [INFO] [TICK 52] idle: timeslice ticks = -29
Selected next process: kernel_main
[VERBOSE] Waiting for test processes to finish: 1 remaining
[INFO] Selected next process: idle
[INFO] [TICK 53] idle: timeslice ticks = -30
[INFO] Selected next process: kernel_main
[VERBOSE] Waiting for test processes to finish: 1 remaining
[INFO] Selected next process: idle
[INFO] [INFO] [TICK 54] idle: timeslice ticks = -31
Selected next process: kernel_main
[VERBOSE] Waiting for test processes to finish: 1 remaining
[INFO] Selected next process: idle
[INFO] [INFO] [TICK 55] idle: timeslice ticks = -32
Selected next process: kernel_main
[VERBOSE] Waiting for test processes to finish: 1 remaining
[INFO] Selected next process: idle
[INFO] [INFO] [TICK 56] idle: timeslice ticks = -33
Selected next process: kernel_main
[VERBOSE] Waiting for test processes to finish: 1 remaining
[INFO] Selected next process: idle
[INFO] [INFO] [TICK 57] idle: timeslice ticks = -34
Selected next process: kernel_main
[VERBOSE] Waiting for test processes to finish: 1 remaining
[INFO] Selected next process: idle
[INFO] [TICK 58] idle: timeslice ticks = -35
[INFO] Selected next process: kernel_main
[VERBOSE] Waiting for test processes to finish: 1 remaining
[INFO] Selected next process: idle
[INFO] [INFO] [TICK 59] idle: timeslice ticks = -36
Selected next process: kernel_main
[VERBOSE] Waiting for test processes to finish: 1 remaining
[INFO] Selected next process: idle
[INFO] [INFO] [TICK 60] idle: timeslice ticks = -37
Selected next process: kernel_main
[VERBOSE] Waiting for test processes to finish: 1 remaining
[INFO] Selected next process: idle
[INFO] [TICK 61] idle: timeslice ticks = -38
[INFO] Selected next process: kernel_main
[VERBOSE] Waiting for test processes to finish: 1 remaining
[INFO] Selected next process: idle
[INFO] [INFO] [TICK 62] idle: timeslice ticks = -39
Selected next process: kernel_main
[VERBOSE] Waiting for test processes to finish: 1 remaining
[INFO] Selected next process: idle
[INFO] [INFO] [TICK 63] idle: timeslice ticks = -40
Selected next process: kernel_main
[VERBOSE] Waiting for test processes to finish: 1 remaining
[INFO] Selected next process: thread3
[VERBOSE] Thread thread3 woke up!
[VERBOSE] Thread thread3 sleeping, i=1
[INFO] Selected next process: idle
[INFO] [TICK 64] idle: timeslice ticks = -41
[INFO] Selected next process: kernel_main
[VERBOSE] Waiting for test processes to finish: 1 remaining
[INFO] Selected next process: idle
[INFO] [TICK 65] idle: timeslice ticks = -42
[INFO] Selected next process: kernel_main
[VERBOSE] Waiting for test processes to finish: 1 remaining
[INFO] Selected next process: idle
[INFO] [TICK 66] idle: timeslice ticks = -43
[INFO] Selected next process: kernel_main
[VERBOSE] Waiting for test processes to finish: 1 remaining
[INFO] Selected next process: idle
[INFO] [TICK 67] idle: timeslice ticks = -44
[INFO] Selected next process: kernel_main
[VERBOSE] Waiting for test processes to finish: 1 remaining
[INFO] Selected next process: idle
[INFO] [TICK 68] idle: timeslice ticks = -45
[INFO] Selected next process: kernel_main
[VERBOSE] Waiting for test processes to finish: 1 remaining
[INFO] Selected next process: idle
[INFO] [INFO] [TICK 69] idle: timeslice ticks = -46
Selected next process: kernel_main
[VERBOSE] Waiting for test processes to finish: 1 remaining
[INFO] Selected next process: idle
[INFO] [TICK 70] idle: timeslice ticks = -47
[INFO] Selected next process: kernel_main
[VERBOSE] Waiting for test processes to finish: 1 remaining
[INFO] Selected next process: idle
[INFO] [INFO] [TICK 71] idle: timeslice ticks = -48
Selected next process: kernel_main
[VERBOSE] Waiting for test processes to finish: 1 remaining
[INFO] Selected next process: idle
[INFO] [INFO] [TICK 72] idle: timeslice ticks = -49
Selected next process: kernel_main
[VERBOSE] Waiting for test processes to finish: 1 remaining
[INFO] Selected next process: idle
[INFO] [TICK 73] idle: timeslice ticks = -50
[INFO] Selected next process: kernel_main
[VERBOSE] Waiting for test processes to finish: 1 remaining
[INFO] Selected next process: idle
[INFO] [INFO] [TICK 74] idle: timeslice ticks = -51
Selected next process: kernel_main
[VERBOSE] Waiting for test processes to finish: 1 remaining
[INFO] Selected next process: idle
[INFO] [INFO] [TICK 75] idle: timeslice ticks = -52
Selected next process: kernel_main
[VERBOSE] Waiting for test processes to finish: 1 remaining
[INFO] Selected next process: idle
[INFO] [TICK 76] idle: timeslice ticks = -53
[INFO] Selected next process: kernel_main
[VERBOSE] Waiting for test processes to finish: 1 remaining
[INFO] Selected next process: idle
[INFO] [INFO] [TICK 77] idle: timeslice ticks = -54
Selected next process: kernel_main
[VERBOSE] Waiting for test processes to finish: 1 remaining
[INFO] Selected next process: idle
[INFO] [INFO] [TICK 78] idle: timeslice ticks = -55
Selected next process: kernel_main
[VERBOSE] Waiting for test processes to finish: 1 remaining
[INFO] Selected next process: idle
[INFO] [TICK 79] idle: timeslice ticks = -56
[INFO] Selected next process: kernel_main
[VERBOSE] Waiting for test processes to finish: 1 remaining
[INFO] Selected next process: idle
[INFO] [INFO] [TICK 80] idle: timeslice ticks = -57
Selected next process: kernel_main
[VERBOSE] Waiting for test processes to finish: 1 remaining
[INFO] Selected next process: idle
[INFO] [INFO] [TICK 81] idle: timeslice ticks = -58
Selected next process: kernel_main
[VERBOSE] Waiting for test processes to finish: 1 remaining
[INFO] Selected next process: idle
[INFO] [TICK 82] idle: timeslice ticks = -59
[INFO] Selected next process: kernel_main
[VERBOSE] Waiting for test processes to finish: 1 remaining
[INFO] Selected next process: idle
[INFO] [INFO] [TICK 83] idle: timeslice ticks = -60
Selected next process: kernel_main
[VERBOSE] Waiting for test processes to finish: 1 remaining
[INFO] Selected next process: idle
[INFO] [INFO] [TICK 84] idle: timeslice ticks = -61
Selected next process: kernel_main
[VERBOSE] Waiting for test processes to finish: 1 remaining
[INFO] Selected next process: idle
[INFO] [INFO] [TICK 85] idle: timeslice ticks = -62
Selected next process: kernel_main
[VERBOSE] Waiting for test processes to finish: 1 remaining
[INFO] Selected next process: idle
[INFO] [TICK 86] idle: timeslice ticks = -63
[INFO] Selected next process: kernel_main
[VERBOSE] Waiting for test processes to finish: 1 remaining
[INFO] Selected next process: idle
[INFO] [INFO] [TICK 87] idle: timeslice ticks = -64
Selected next process: kernel_main
[VERBOSE] Waiting for test processes to finish: 1 remaining
[INFO] Selected next process: idle
[INFO] [INFO] [TICK 88] idle: timeslice ticks = -65
Selected next process: kernel_main
[VERBOSE] Waiting for test processes to finish: 1 remaining
[INFO] Selected next process: idle
[INFO] [TICK 89] idle: timeslice ticks = -66
[INFO] Selected next process: kernel_main
[VERBOSE] Waiting for test processes to finish: 1 remaining
[INFO] Selected next process: idle
[INFO] [INFO] [TICK 90] idle: timeslice ticks = -67
Selected next process: kernel_main
[VERBOSE] Waiting for test processes to finish: 1 remaining
[INFO] Selected next process: idle
[INFO] [INFO] [TICK 91] idle: timeslice ticks = -68
Selected next process: kernel_main
[VERBOSE] Waiting for test processes to finish: 1 remaining
[INFO] Selected next process: idle
[INFO] [INFO] [TICK 92] idle: timeslice ticks = -69
Selected next process: kernel_main
[VERBOSE] Waiting for test processes to finish: 1 remaining
[INFO] Selected next process: idle
[INFO] [INFO] [TICK 93] idle: timeslice ticks = -70
Selected next process: kernel_main
[VERBOSE] Waiting for test processes to finish: 1 remaining
[INFO] Selected next process: idle
[INFO] [TICK 94] idle: timeslice ticks = -71
[INFO] Selected next process: kernel_main
[VERBOSE] Waiting for test processes to finish: 1 remaining
[INFO] Selected next process: idle
[INFO] [INFO] [TICK 95] idle: timeslice ticks = -72
Selected next process: kernel_main
[VERBOSE] Waiting for test processes to finish: 1 remaining
[INFO] Selected next process: idle
[INFO] [INFO] [TICK 96] idle: timeslice ticks = -73
Selected next process: kernel_main
[VERBOSE] Waiting for test processes to finish: 1 remaining
[INFO] Selected next process: idle
[INFO] [TICK 97] idle: timeslice ticks = -74
[INFO] Selected next process: kernel_main
[VERBOSE] Waiting for test processes to finish: 1 remaining
[INFO] Selected next process: idle
[INFO] [INFO] [TICK 98] idle: timeslice ticks = -75
Selected next process: kernel_main
[VERBOSE] Waiting for test processes to finish: 1 remaining
[INFO] Selected next process: idle
[INFO] [INFO] [TICK 99] idle: timeslice ticks = -76
Selected next process: kernel_main
[VERBOSE] Waiting for test processes to finish: 1 remaining
[INFO] Selected next process: idle
[INFO] [TICK 100] idle: timeslice ticks = -77
[INFO] Selected next process: kernel_main
[VERBOSE] Waiting for test processes to finish: 1 remaining
[INFO] Selected next process: idle
[INFO] [INFO] [TICK 101] idle: timeslice ticks = -78
Selected next process: kernel_main
[VERBOSE] Waiting for test processes to finish: 1 remaining
[INFO] Selected next process: idle
[INFO] [INFO] [TICK 102] idle: timeslice ticks = -79
Selected next process: kernel_main
[VERBOSE] Waiting for test processes to finish: 1 remaining
[INFO] Selected next process: idle
[INFO] [INFO] [TICK 103] idle: timeslice ticks = -80
Selected next process: kernel_main
[VERBOSE] Waiting for test processes to finish: 1 remaining
[INFO] Selected next process: idle
[INFO] [INFO] [TICK 104] idle: timeslice ticks = -81
Selected next process: kernel_main
[VERBOSE] Waiting for test processes to finish: 1 remaining
[INFO] Selected next process: idle
[INFO] [INFO] [TICK 105] idle: timeslice ticks = -82
Selected next process: kernel_main
[VERBOSE] Waiting for test processes to finish: 1 remaining
[INFO] Selected next process: idle
[INFO] [TICK 106] idle: timeslice ticks = -83
[INFO] Selected next process: kernel_main
[VERBOSE] Waiting for test processes to finish: 1 remaining
[INFO] Selected next process: idle
[INFO] [TICK 107] idle: timeslice ticks = -84
[INFO] Selected next process: kernel_main
[VERBOSE] Waiting for test processes to finish: 1 remaining
[INFO] Selected next process: idle
[INFO] [INFO] [TICK 108] idle: timeslice ticks = -85
Selected next process: kernel_main
[VERBOSE] Waiting for test processes to finish: 1 remaining
[INFO] Selected next process: idle
[INFO] [INFO] [TICK 109] idle: timeslice ticks = -86
Selected next process: kernel_main
[VERBOSE] Waiting for test processes to finish: 1 remaining
[INFO] Selected next process: idle
[INFO] [TICK 110] idle: timeslice ticks = -87
[INFO] Selected next process: kernel_main
[VERBOSE] Waiting for test processes to finish: 1 remaining
[INFO] Selected next process: idle
[INFO] [INFO] [TICK 111] idle: timeslice ticks = -88
Selected next process: kernel_main
[VERBOSE] Waiting for test processes to finish: 1 remaining
[INFO] Selected next process: idle
[INFO] [TICK 112] idle: timeslice ticks = -89
[INFO] Selected next process: kernel_main
[VERBOSE] Waiting for test processes to finish: 1 remaining
[INFO] Selected next process: idle
[INFO] [INFO] [TICK 113] idle: timeslice ticks = -90
Selected next process: kernel_main
[VERBOSE] Waiting for test processes to finish: 1 remaining
[INFO] Selected next process: thread3
[VERBOSE] Thread thread3 woke up!
[VERBOSE] Thread thread3 sleeping, i=2
[INFO] Selected next process: idle
[INFO] [TICK 114] idle: timeslice ticks = -91
[INFO] Selected next process: kernel_main
[VERBOSE] Waiting for test processes to finish: 1 remaining
[INFO] Selected next process: idle
[INFO] [TICK 115] idle: timeslice ticks = -92
[INFO] Selected next process: kernel_main
[VERBOSE] Waiting for test processes to finish: 1 remaining
[INFO] Selected next process: idle
[INFO] [TICK 116] idle: timeslice ticks = -93
[INFO] Selected next process: kernel_main
[VERBOSE] Waiting for test processes to finish: 1 remaining
[INFO] Selected next process: idle
[INFO] [TICK 117] idle: timeslice ticks = -94
[INFO] Selected next process: kernel_main
[VERBOSE] Waiting for test processes to finish: 1 remaining
[INFO] Selected next process: idle
[INFO] [TICK 118] idle: timeslice ticks = -95
[INFO] Selected next process: kernel_main
[VERBOSE] Waiting for test processes to finish: 1 remaining
[INFO] Selected next process: idle
[INFO] [TICK 119] idle: timeslice ticks = -96
[INFO] Selected next process: kernel_main
[VERBOSE] Waiting for test processes to finish: 1 remaining
[INFO] Selected next process: idle
[INFO] Selected next process: kernel_main
[VERBOSE] [INFO] [TICK 120] kernel_main: timeslice ticks = 9
Waiting for test processes to finish: 1 remaining
[INFO] Selected next process: idle
[INFO] [TICK 121] idle: timeslice ticks = -97
[INFO] Selected next process: kernel_main
[VERBOSE] Waiting for test processes to finish: 1 remaining
[INFO] Selected next process: idle
[INFO] [INFO] [TICK 122] idle: timeslice ticks = -98
Selected next process: kernel_main
[VERBOSE] Waiting for test processes to finish: 1 remaining
[INFO] Selected next process: idle
[INFO] [INFO] [TICK 123] idle: timeslice ticks = -99
Selected next process: kernel_main
[VERBOSE] Waiting for test processes to finish: 1 remaining
[INFO] Selected next process: idle
[INFO] [TICK 124] idle: timeslice ticks = -100
[INFO] Selected next process: kernel_main
[VERBOSE] Waiting for test processes to finish: 1 remaining
[INFO] Selected next process: idle
[INFO] [INFO] [TICK 125] idle: timeslice ticks = -101
Selected next process: kernel_main
[VERBOSE] Waiting for test processes to finish: 1 remaining
[INFO] Selected next process: idle
[INFO] [TICK 126] idle: timeslice ticks = -102
[INFO] Selected next process: kernel_main
[VERBOSE] Waiting for test processes to finish: 1 remaining
[INFO] Selected next process: idle
[INFO] [TICK 127] idle: timeslice ticks = -103
[INFO] Selected next process: kernel_main
[VERBOSE] Waiting for test processes to finish: 1 remaining
[INFO] Selected next process: idle
[INFO] [INFO] [TICK 128] idle: timeslice ticks = -104
Selected next process: kernel_main
[VERBOSE] Waiting for test processes to finish: 1 remaining
[INFO] Selected next process: idle
[INFO] [INFO] [TICK 129] idle: timeslice ticks = -105
Selected next process: kernel_main
[VERBOSE] Waiting for test processes to finish: 1 remaining
[INFO] Selected next process: idle
[INFO] [TICK 130] idle: timeslice ticks = -106
[INFO] Selected next process: kernel_main
[VERBOSE] Waiting for test processes to finish: 1 remaining
[INFO] Selected next process: idle
[INFO] [INFO] [TICK 131] idle: timeslice ticks = -107
Selected next process: kernel_main
[VERBOSE] Waiting for test processes to finish: 1 remaining
[INFO] Selected next process: idle
[INFO] [TICK 132] idle: timeslice ticks = -108
[INFO] Selected next process: kernel_main
[VERBOSE] Waiting for test processes to finish: 1 remaining
[INFO] Selected next process: idle
[INFO] [TICK 133] idle: timeslice ticks = -109
[INFO] Selected next process: kernel_main
[VERBOSE] Waiting for test processes to finish: 1 remaining
[INFO] Selected next process: idle
[INFO] [INFO] [TICK 134] idle: timeslice ticks = -110
Selected next process: kernel_main
[VERBOSE] Waiting for test processes to finish: 1 remaining
[INFO] Selected next process: idle
[INFO] [INFO] [TICK 135] idle: timeslice ticks = -111
Selected next process: kernel_main
[VERBOSE] Waiting for test processes to finish: 1 remaining
[INFO] Selected next process: idle
[INFO] [TICK 136] idle: timeslice ticks = -112
[INFO] Selected next process: kernel_main
[VERBOSE] Waiting for test processes to finish: 1 remaining
[INFO] Selected next process: idle
[INFO] [INFO] [TICK 137] idle: timeslice ticks = -113
Selected next process: kernel_main
[VERBOSE] Waiting for test processes to finish: 1 remaining
[INFO] Selected next process: idle
[INFO] [INFO] [TICK 138] idle: timeslice ticks = -114
Selected next process: kernel_main
[VERBOSE] Waiting for test processes to finish: 1 remaining
[INFO] Selected next process: idle
[INFO] [INFO] [TICK 139] idle: timeslice ticks = -115
Selected next process: kernel_main
[VERBOSE] Waiting for test processes to finish: 1 remaining
[INFO] Selected next process: idle
[INFO] [INFO] [TICK 140] idle: timeslice ticks = -116
Selected next process: kernel_main
[VERBOSE] Waiting for test processes to finish: 1 remaining
[INFO] Selected next process: idle
[INFO] [INFO] [TICK 141] idle: timeslice ticks = -117
Selected next process: kernel_main
[VERBOSE] Waiting for test processes to finish: 1 remaining
[INFO] Selected next process: idle
[INFO] [TICK 142] idle: timeslice ticks = -118
[INFO] Selected next process: kernel_main
[VERBOSE] Waiting for test processes to finish: 1 remaining
[INFO] Selected next process: idle
[INFO] [INFO] [TICK 143] idle: timeslice ticks = -119
Selected next process: kernel_main
[VERBOSE] Waiting for test processes to finish: 1 remaining
[INFO] Selected next process: idle
[INFO] [INFO] [TICK 144] idle: timeslice ticks = -120
Selected next process: kernel_main
[VERBOSE] Waiting for test processes to finish: 1 remaining
[INFO] Selected next process: idle
[INFO] [TICK 145] idle: timeslice ticks = -121
[INFO] Selected next process: kernel_main
[VERBOSE] Waiting for test processes to finish: 1 remaining
[INFO] Selected next process: idle
[INFO] [INFO] [TICK 146] idle: timeslice ticks = -122
Selected next process: kernel_main
[VERBOSE] Waiting for test processes to finish: 1 remaining
[INFO] Selected next process: idle
[INFO] [TICK 147] idle: timeslice ticks = -123
[INFO] Selected next process: kernel_main
[VERBOSE] Waiting for test processes to finish: 1 remaining
[INFO] Selected next process: idle
[INFO] [TICK 148] idle: timeslice ticks = -124
[INFO] Selected next process: kernel_main
[VERBOSE] Waiting for test processes to finish: 1 remaining
[INFO] Selected next process: idle
[INFO] [INFO] [TICK 149] idle: timeslice ticks = -125
Selected next process: kernel_main
[VERBOSE] Waiting for test processes to finish: 1 remaining
[INFO] Selected next process: idle
[INFO] [INFO] [TICK 150] idle: timeslice ticks = -126
Selected next process: kernel_main
[VERBOSE] Waiting for test processes to finish: 1 remaining
[INFO] Selected next process: idle
[INFO] [TICK 151] idle: timeslice ticks = -127
[INFO] Selected next process: kernel_main
[VERBOSE] Waiting for test processes to finish: 1 remaining
[INFO] Selected next process: idle
[INFO] [INFO] [TICK 152] idle: timeslice ticks = -128
Selected next process: kernel_main
[VERBOSE] Waiting for test processes to finish: 1 remaining
[INFO] Selected next process: idle
[INFO] [INFO] [TICK 153] idle: timeslice ticks = -129
Selected next process: kernel_main
[VERBOSE] Waiting for test processes to finish: 1 remaining
[INFO] Selected next process: idle
[INFO] [TICK 154] idle: timeslice ticks = -130
[INFO] Selected next process: kernel_main
[VERBOSE] Waiting for test processes to finish: 1 remaining
[INFO] Selected next process: idle
[INFO] [INFO] [TICK 155] idle: timeslice ticks = -131
Selected next process: kernel_main
[VERBOSE] Waiting for test processes to finish: 1 remaining
[INFO] Selected next process: idle
[INFO] Selected next process: kernel_main
[VERBOSE] [INFO] [TICK 156] kernel_main: timeslice ticks = 9
Waiting for test processes to finish: 1 remaining
[INFO] Selected next process: idle
[INFO] [TICK 157] idle: timeslice ticks = -132
[INFO] Selected next process: kernel_main
[VERBOSE] Waiting for test processes to finish: 1 remaining
[INFO] Selected next process: idle
[INFO] [INFO] [TICK 158] idle: timeslice ticks = -133
Selected next process: kernel_main
[VERBOSE] Waiting for test processes to finish: 1 remaining
[INFO] Selected next process: idle
[INFO] [TICK 159] idle: timeslice ticks = -134
[INFO] Selected next process: kernel_main
[VERBOSE] Waiting for test processes to finish: 1 remaining
[INFO] Selected next process: idle
[INFO] [TICK 160] idle: timeslice ticks = -135
[INFO] Selected next process: kernel_main
[VERBOSE] Waiting for test processes to finish: 1 remaining
[INFO] Selected next process: idle
[INFO] [INFO] [TICK 161] idle: timeslice ticks = -136
Selected next process: kernel_main
[VERBOSE] Waiting for test processes to finish: 1 remaining
[INFO] Selected next process: idle
[INFO] Selected next process: kernel_main
[VERBOSE] [INFO] [TICK 162] kernel_main: timeslice ticks = 9
Waiting for test processes to finish: 1 remaining
[INFO] Selected next process: idle
[INFO] [TICK 163] idle: timeslice ticks = -137
[INFO] Selected next process: kernel_main
[VERBOSE] Waiting for test processes to finish: 1 remaining
[INFO] Selected next process: thread3
[VERBOSE] Thread thread3 woke up!
[VERBOSE] [EXIT PROCESS] Process thread3 finished, terminating
[INFO] Selected next process: kernel_main
[VERBOSE] Process Tests Complete.
[VERBOSE] ==================================================
[VERBOSE] All Available Tests Completed
[VERBOSE] ==================================================
[INFO] All kernel tests completed successfully!
[INFO] [INFO] [TICK 165] kernel_main: timeslice ticks = 9
Kernel main: Entering system management loop
[INFO] Kernel main: System heartbeat (loop 0)
[INFO] Selected next process: idle
[INFO] [TICK 166] idle: timeslice ticks = -138
[INFO] Selected next process: kernel_main
[INFO] [TICK 167] kernel_main: timeslice ticks = 9
[INFO] Selected next process: idle
[INFO] Selected next process: kernel_main
[INFO] [TICK 168] kernel_main: timeslice ticks = 9
[INFO] Selected next process: idle
[INFO] Selected next process: kernel_main
[INFO] [TICK 169] kernel_main: timeslice ticks = 9
[INFO] Selected next process: idle
[INFO] Selected next process: kernel_main
[INFO] [TICK 170] kernel_main: timeslice ticks = 9
[INFO] Selected next process: idle
[INFO] Selected next process: kernel_main
[INFO] [TICK 171] kernel_main: timeslice ticks = 9
[INFO] Selected next process: idle
[INFO] Selected next process: kernel_main
[INFO] [TICK 172] kernel_main: timeslice ticks = 9
[INFO] Selected next process: idle
[INFO] Selected next process: kernel_main
[INFO] [TICK 173] kernel_main: timeslice ticks = 9
[INFO] Selected next process: idle
[INFO] Selected next process: kernel_main
[INFO] [TICK 174] kernel_main: timeslice ticks = 9
[INFO] Selected next process: idle
[INFO] Selected next process: kernel_main
[INFO] [TICK 175] kernel_main: timeslice ticks = 9
[INFO] Selected next process: idle
[INFO] Selected next process: kernel_main
[INFO] [TICK 176] kernel_main: timeslice ticks = 9
[INFO] Selected next process: idle
[INFO] Selected next process: kernel_main
[INFO] [TICK 177] kernel_main: timeslice ticks = 9
[INFO] Selected next process: idle
[INFO] Selected next process: kernel_main
[INFO] [TICK 178] kernel_main: timeslice ticks = 9
[INFO] Selected next process: idle
[INFO] Selected next process: kernel_main
[INFO] [TICK 179] kernel_main: timeslice ticks = 9
[INFO] Selected next process: idle
[INFO] Selected next process: kernel_main
[INFO] [TICK 180] kernel_main: timeslice ticks = 9
[INFO] Selected next process: idle
[INFO] Selected next process: kernel_main
[INFO] [TICK 181] kernel_main: timeslice ticks = 9
[INFO] Selected next process: idle
[INFO] Selected next process: kernel_main
[INFO] [TICK 182] kernel_main: timeslice ticks = 9
[INFO] Selected next process: idle
[INFO] Selected next process: kernel_main
[INFO] [TICK 183] kernel_main: timeslice ticks = 9
[INFO] Selected next process: idle
[INFO] Selected next process: kernel_main
[INFO] [TICK 184] kernel_main: timeslice ticks = 9
[INFO] Selected next process: idle
[INFO] Selected next process: kernel_main
[INFO] [TICK 185] kernel_main: timeslice ticks = 9
[INFO] Selected next process: idle
[INFO] Selected next process: kernel_main
[INFO] [TICK 186] kernel_main: timeslice ticks = 9
[INFO] Selected next process: idle
[INFO] Selected next process: kernel_main
[INFO] [TICK 187] kernel_main: timeslice ticks = 9
[INFO] Selected next process: idle
[INFO] Selected next process: kernel_main
[INFO] [TICK 188] kernel_main: timeslice ticks = 9
[INFO] Selected next process: idle
[INFO] Selected next process: kernel_main
[INFO] [TICK 189] kernel_main: timeslice ticks = 9
[INFO] Selected next process: idle
[INFO] Selected next process: kernel_main
[INFO] [TICK 190] kernel_main: timeslice ticks = 9
[INFO] Selected next process: idle
[INFO] Selected next process: kernel_main
[INFO] [TICK 191] kernel_main: timeslice ticks = 9
[INFO] Selected next process: idle
[INFO] Selected next process: kernel_main
[INFO] [TICK 192] kernel_main: timeslice ticks = 9
[INFO] Selected next process: idle
[INFO] Selected next process: kernel_main
[INFO] [TICK 193] kernel_main: timeslice ticks = 9
[INFO] Selected next process: idle
[INFO] Selected next process: kernel_main
[INFO] [TICK 194] kernel_main: timeslice ticks = 9
[INFO] Selected next process: idle
[INFO] Selected next process: kernel_main
[INFO] [TICK 195] kernel_main: timeslice ticks = 9
[INFO] Selected next process: idle
[INFO] Selected next process: kernel_main
[INFO] [TICK 196] kernel_main: timeslice ticks = 9
[INFO] Selected next process: idle
[INFO] Selected next process: kernel_main
[INFO] [TICK 197] kernel_main: timeslice ticks = 9
[INFO] Selected next process: idle
[INFO] Selected next process: kernel_main
[INFO] [TICK 198] kernel_main: timeslice ticks = 9
[INFO] Selected next process: idle
[INFO] Selected next process: kernel_main
[INFO] [TICK 199] kernel_main: timeslice ticks = 9
[INFO] Selected next process: idle
[INFO] Selected next process: kernel_main
[INFO] [TICK 200] kernel_main: timeslice ticks = 9
[INFO] Selected next process: idle
[INFO] Selected next process: kernel_main
[INFO] [TICK 201] kernel_main: timeslice ticks = 9
[INFO] Selected next process: idle
[INFO] Selected next process: kernel_main
[INFO] [TICK 202] kernel_main: timeslice ticks = 9
[INFO] Selected next process: idle
[INFO] Selected next process: kernel_main
[INFO] [TICK 203] kernel_main: timeslice ticks = 9
[INFO] Selected next process: idle
[INFO] Selected next process: kernel_main
[INFO] [TICK 204] kernel_main: timeslice ticks = 9
[INFO] Selected next process: idle
[INFO] Selected next process: kernel_main
[INFO] [TICK 205] kernel_main: timeslice ticks = 9
[INFO] Selected next process: idle
[INFO] Selected next process: kernel_main
[INFO] [TICK 206] kernel_main: timeslice ticks = 9
[INFO] Selected next process: idle
[INFO] Selected next process: kernel_main
[INFO] [TICK 207] kernel_main: timeslice ticks = 9
[INFO] Selected next process: idle
[INFO] Selected next process: kernel_main
[INFO] [TICK 208] kernel_main: timeslice ticks = 9
[INFO] Selected next process: idle
[INFO] Selected next process: kernel_main
[INFO] [TICK 209] kernel_main: timeslice ticks = 9
[INFO] Selected next process: idle
[INFO] Selected next process: kernel_main
[INFO] [TICK 210] kernel_main: timeslice ticks = 9
[INFO] Selected next process: idle
[INFO] Selected next process: kernel_main
[INFO] [TICK 211] kernel_main: timeslice ticks = 9
[INFO] Selected next process: idle
[INFO] Selected next process: kernel_main
[INFO] [TICK 212] kernel_main: timeslice ticks = 9
[INFO] Selected next process: idle
[INFO] Selected next process: kernel_main
[INFO] [TICK 213] kernel_main: timeslice ticks = 9
[INFO] Selected next process: idle
[INFO] Selected next process: kernel_main
[INFO] [TICK 214] kernel_main: timeslice ticks = 9
[INFO] Selected next process: idle
[INFO] Selected next process: kernel_main
[INFO] [TICK 215] kernel_main: timeslice ticks = 9
[INFO] Selected next process: idle
[INFO] Selected next process: kernel_main
[INFO] [TICK 216] kernel_main: timeslice ticks = 9
[INFO] Selected next process: idle
[INFO] Selected next process: kernel_main
[INFO] [TICK 217] kernel_main: timeslice ticks = 9
[INFO] Selected next process: idle
[INFO] Selected next process: kernel_main
[INFO] [TICK 218] kernel_main: timeslice ticks = 9
[INFO] Selected next process: idle
[INFO] Selected next process: kernel_main
[INFO] [TICK 219] kernel_main: timeslice ticks = 9
[INFO] Selected next process: idle
[INFO] Selected next process: kernel_main
[INFO] [TICK 220] kernel_main: timeslice ticks = 9
[INFO] Selected next process: idle
[INFO] Selected next process: kernel_main
[INFO] [TICK 221] kernel_main: timeslice ticks = 9
[INFO] Selected next process: idle
[INFO] Selected next process: kernel_main
[INFO] [TICK 222] kernel_main: timeslice ticks = 9
[INFO] Selected next process: idle
[INFO] Selected next process: kernel_main
[INFO] [TICK 223] kernel_main: timeslice ticks = 9
[INFO] Selected next process: idle
[INFO] Selected next process: kernel_main
[INFO] [TICK 224] kernel_main: timeslice ticks = 9
[INFO] Selected next process: idle
[INFO] Selected next process: kernel_main
[INFO] [TICK 225] kernel_main: timeslice ticks = 9
[INFO] Selected next process: idle
[INFO] Selected next process: kernel_main
[INFO] [TICK 226] kernel_main: timeslice ticks = 9
[INFO] Selected next process: idle
[INFO] Selected next process: kernel_main
[INFO] [TICK 227] kernel_main: timeslice ticks = 9
[INFO] Selected next process: idle
[INFO] Selected next process: kernel_main
[INFO] [TICK 228] kernel_main: timeslice ticks = 9
[INFO] Selected next process: idle
[INFO] Selected next process: kernel_main
[INFO] [TICK 229] kernel_main: timeslice ticks = 9
[INFO] Selected next process: idle
[INFO] Selected next process: kernel_main
[INFO] [TICK 230] kernel_main: timeslice ticks = 9
[INFO] Selected next process: idle
[INFO] Selected next process: kernel_main
[INFO] [TICK 231] kernel_main: timeslice ticks = 9
[INFO] Selected next process: idle
[INFO] Selected next process: kernel_main
[INFO] [TICK 232] kernel_main: timeslice ticks = 9
[INFO] Selected next process: idle
[INFO] Selected next process: kernel_main
[INFO] [TICK 233] kernel_main: timeslice ticks = 9
[INFO] Selected next process: idle
[INFO] Selected next process: kernel_main
[INFO] [TICK 234] kernel_main: timeslice ticks = 9
[INFO] Selected next process: idle
[INFO] Selected next process: kernel_main
[INFO] [TICK 235] kernel_main: timeslice ticks = 9
[INFO] Selected next process: idle
[INFO] Selected next process: kernel_main
[INFO] [TICK 236] kernel_main: timeslice ticks = 9
[INFO] Selected next process: idle
[INFO] Selected next process: kernel_main
[INFO] [TICK 237] kernel_main: timeslice ticks = 9
[INFO] Selected next process: idle
[INFO] Selected next process: kernel_main
[INFO] [TICK 238] kernel_main: timeslice ticks = 9
[INFO] Selected next process: idle
[INFO] Selected next process: kernel_main
[INFO] [TICK 239] kernel_main: timeslice ticks = 9
[INFO] Selected next process: idle
[INFO] Selected next process: kernel_main
[INFO] [TICK 240] kernel_main: timeslice ticks = 9
[INFO] Selected next process: idle
[INFO] [INFO] [TICK 241] idle: timeslice ticks = -139
Selected next process: kernel_main
[INFO] [TICK 242] kernel_main: timeslice ticks = 9
[INFO] Selected next process: idle
[INFO] Selected next process: kernel_main
[INFO] [TICK 243] kernel_main: timeslice ticks = 9
[INFO] Selected next process: idle
[INFO] Selected next process: kernel_main
[INFO] [TICK 244] kernel_main: timeslice ticks = 9
[INFO] Selected next process: idle
[INFO] Selected next process: kernel_main
[INFO] [TICK 245] kernel_main: timeslice ticks = 9
[INFO] Selected next process: idle
[INFO] Selected next process: kernel_main
[INFO] [TICK 246] kernel_main: timeslice ticks = 9
[INFO] Selected next process: idle
[INFO] Selected next process: kernel_main
[INFO] [TICK 247] kernel_main: timeslice ticks = 9
[INFO] Selected next process: idle
[INFO] Selected next process: kernel_main
[INFO] [TICK 248] kernel_main: timeslice ticks = 9
[INFO] Selected next process: idle
[INFO] Selected next process: kernel_main
[INFO] [TICK 249] kernel_main: timeslice ticks = 9
[INFO] Selected next process: idle
[INFO] Selected next process: kernel_main
[INFO] [TICK 250] kernel_main: timeslice ticks = 9
[INFO] Selected next process: idle
[INFO] Selected next process: kernel_main
[INFO] [TICK 251] kernel_main: timeslice ticks = 9
[INFO] Selected next process: idle
[INFO] Selected next process: kernel_main
[INFO] [TICK 252] kernel_main: timeslice ticks = 9
[INFO] Selected next process: idle
[INFO] Selected next process: kernel_main
[INFO] [TICK 253] kernel_main: timeslice ticks = 9
[INFO] Selected next process: idle
[INFO] Selected next process: kernel_main
[INFO] [TICK 254] kernel_main: timeslice ticks = 9
[INFO] Selected next process: idle
[INFO] Selected next process: kernel_main
[INFO] [TICK 255] kernel_main: timeslice ticks = 9
[INFO] Selected next process: idle
[INFO] Selected next process: kernel_main
[INFO] [TICK 256] kernel_main: timeslice ticks = 9
[INFO] Selected next process: idle
[INFO] Selected next process: kernel_main
[INFO] [TICK 257] kernel_main: timeslice ticks = 9
[INFO] Selected next process: idle
[INFO] Selected next process: kernel_main
[INFO] [TICK 258] kernel_main: timeslice ticks = 9
[INFO] Selected next process: idle
[INFO] Selected next process: kernel_main
[INFO] [TICK 259] kernel_main: timeslice ticks = 9
[INFO] Selected next process: idle
[INFO] Selected next process: kernel_main
[INFO] [TICK 260] kernel_main: timeslice ticks = 9
[INFO] Selected next process: idle
[INFO] Selected next process: kernel_main
[INFO] [TICK 261] kernel_main: timeslice ticks = 9
[INFO] Selected next process: idle
[INFO] Selected next process: kernel_main
[INFO] [TICK 262] kernel_main: timeslice ticks = 9
[INFO] Selected next process: idle
[INFO] Selected next process: kernel_main
[INFO] [TICK 263] kernel_main: timeslice ticks = 9
[INFO] Selected next process: idle
[INFO] Selected next process: kernel_main
[INFO] [TICK 264] kernel_main: timeslice ticks = 9
[INFO] Selected next process: idle
[INFO] Selected next process: kernel_main
[INFO] [TICK 265] kernel_main: timeslice ticks = 9
[INFO] Selected next process: idle
[INFO] Selected next process: kernel_main
[INFO] [TICK 266] kernel_main: timeslice ticks = 9
[INFO] Selected next process: idle
[INFO] Selected next process: kernel_main
[INFO] [TICK 267] kernel_main: timeslice ticks = 9
[INFO] Selected next process: idle
[INFO] Selected next process: kernel_main
[INFO] [TICK 268] kernel_main: timeslice ticks = 9
[INFO] Selected next process: idle
[INFO] Selected next process: kernel_main
[INFO] [TICK 269] kernel_main: timeslice ticks = 9
[INFO] Selected next process: idle
[INFO] Selected next process: kernel_main
[INFO] [TICK 270] kernel_main: timeslice ticks = 9
[INFO] Selected next process: idle
[INFO] Selected next process: kernel_main
[INFO] [TICK 271] kernel_main: timeslice ticks = 9
[INFO] Selected next process: idle
[INFO] Selected next process: kernel_main
[INFO] [TICK 272] kernel_main: timeslice ticks = 9
[INFO] Selected next process: idle
[INFO] Selected next process: kernel_main
[INFO] [TICK 273] kernel_main: timeslice ticks = 9
[INFO] Selected next process: idle
[INFO] Selected next process: kernel_main
[INFO] [TICK 274] kernel_main: timeslice ticks = 9
[INFO] Selected next process: idle
[INFO] Selected next process: kernel_main
[INFO] [TICK 275] kernel_main: timeslice ticks = 9
[INFO] Selected next process: idle
[INFO] Selected next process: kernel_main
[INFO] [TICK 276] kernel_main: timeslice ticks = 9
[INFO] Selected next process: idle
[INFO] Selected next process: kernel_main
[INFO] [TICK 277] kernel_main: timeslice ticks = 9
[INFO] Selected next process: idle
[INFO] Selected next process: kernel_main
[INFO] [TICK 278] kernel_main: timeslice ticks = 9
[INFO] Selected next process: idle
[INFO] Selected next process: kernel_main
[INFO] [TICK 279] kernel_main: timeslice ticks = 9
[INFO] Selected next process: idle
[INFO] Selected next process: kernel_main
[INFO] [TICK 280] kernel_main: timeslice ticks = 9
[INFO] Selected next process: idle
[INFO] Selected next process: kernel_main
[INFO] [TICK 281] kernel_main: timeslice ticks = 9
[INFO] Selected next process: idle
[INFO] Selected next process: kernel_main
[INFO] [TICK 282] kernel_main: timeslice ticks = 9
[INFO] Selected next process: idle
[INFO] Selected next process: kernel_main
[INFO] [TICK 283] kernel_main: timeslice ticks = 9
[INFO] Selected next process: idle
[INFO] Selected next process: kernel_main
[INFO] [TICK 284] kernel_main: timeslice ticks = 9
[INFO] Selected next process: idle
[INFO] Selected next process: kernel_main
[INFO] [TICK 285] kernel_main: timeslice ticks = 9
[INFO] Selected next process: idle
[INFO] Selected next process: kernel_main
[INFO] [TICK 286] kernel_main: timeslice ticks = 9
[INFO] Selected next process: idle
[INFO] Selected next process: kernel_main
[INFO] [TICK 287] kernel_main: timeslice ticks = 9
[INFO] Selected next process: idle
[INFO] Selected next process: kernel_main
[INFO] [TICK 288] kernel_main: timeslice ticks = 9
[INFO] Selected next process: idle
[INFO] Selected next process: kernel_main
[INFO] [TICK 289] kernel_main: timeslice ticks = 9
[INFO] Selected next process: idle
[INFO] Selected next process: kernel_main
[INFO] [TICK 290] kernel_main: timeslice ticks = 9
[INFO] Selected next process: idle
[INFO] Selected next process: kernel_main
[INFO] [TICK 291] kernel_main: timeslice ticks = 9
[INFO] Selected next process: idle
[INFO] Selected next process: kernel_main
[INFO] [TICK 292] kernel_main: timeslice ticks = 9
[INFO] Selected next process: idle
[INFO] Selected next process: kernel_main
[INFO] [TICK 293] kernel_main: timeslice ticks = 9
[INFO] Selected next process: idle
[INFO] Selected next process: kernel_main
[INFO] [TICK 294] kernel_main: timeslice ticks = 9
[INFO] Selected next process: idle
[INFO] Selected next process: kernel_main
[INFO] [TICK 295] kernel_main: timeslice ticks = 9
[INFO] Selected next process: idle
[INFO] Selected next process: kernel_main
[INFO] [TICK 296] kernel_main: timeslice ticks = 9
[INFO] Selected next process: idle
[INFO] Selected next process: kernel_main
[INFO] [TICK 297] kernel_main: timeslice ticks = 9
[INFO] Selected next process: idle
[INFO] Selected next process: kernel_main
[INFO] [TICK 298] kernel_main: timeslice ticks = 9
[INFO] Selected next process: idle
[INFO] Selected next process: kernel_main
[INFO] [TICK 299] kernel_main: timeslice ticks = 9
[INFO] Selected next process: idle
[INFO] Selected next process: kernel_main
[INFO] [TICK 300] kernel_main: timeslice ticks = 9
[INFO] Selected next process: idle
[INFO] Selected next process: kernel_main
[INFO] [TICK 301] kernel_main: timeslice ticks = 9
[INFO] Selected next process: idle
[INFO] Selected next process: kernel_main
[INFO] [TICK 302] kernel_main: timeslice ticks = 9
[INFO] Selected next process: idle
[INFO] Selected next process: kernel_main
[INFO] [TICK 303] kernel_main: timeslice ticks = 9
[INFO] Selected next process: idle
[INFO] Selected next process: kernel_main
[INFO] [TICK 304] kernel_main: timeslice ticks = 9
[INFO] Selected next process: idle
[INFO] Selected next process: kernel_main
[INFO] [TICK 305] kernel_main: timeslice ticks = 9
[INFO] Selected next process: idle
[INFO] Selected next process: kernel_main
[INFO] [TICK 306] kernel_main: timeslice ticks = 9
[INFO] Selected next process: idle
[INFO] Selected next process: kernel_main
[INFO] [TICK 307] kernel_main: timeslice ticks = 9
[INFO] Selected next process: idle
[INFO] Selected next process: kernel_main
[INFO] [TICK 308] kernel_main: timeslice ticks = 9
[INFO] Selected next process: idle
[INFO] Selected next process: kernel_main
[INFO] [TICK 309] kernel_main: timeslice ticks = 9
[INFO] Selected next process: idle
[INFO] Selected next process: kernel_main
[INFO] [TICK 310] kernel_main: timeslice ticks = 9
[INFO] Selected next process: idle
[INFO] Selected next process: kernel_main
[INFO] [TICK 311] kernel_main: timeslice ticks = 9
[INFO] Selected next process: idle
[INFO] Selected next process: kernel_main
[INFO] [TICK 312] kernel_main: timeslice ticks = 9
[INFO] Selected next process: idle
[INFO] Selected next process: kernel_main
[INFO] [TICK 313] kernel_main: timeslice ticks = 9
[INFO] Selected next process: idle
[INFO] Selected next process: kernel_main
[INFO] [TICK 314] kernel_main: timeslice ticks = 9
[INFO] Selected next process: idle
[INFO] Selected next process: kernel_main
[INFO] [TICK 315] kernel_main: timeslice ticks = 9
[INFO] Selected next process: idle
[INFO] Selected next process: kernel_main
[INFO] [TICK 316] kernel_main: timeslice ticks = 9
[INFO] Selected next process: idle
[INFO] Selected next process: kernel_main
[INFO] [TICK 317] kernel_main: timeslice ticks = 9
[INFO] Selected next process: idle
[INFO] Selected next process: kernel_main
[INFO] [TICK 318] kernel_main: timeslice ticks = 9
[INFO] Selected next process: idle
[INFO] Selected next process: kernel_main
[INFO] [TICK 319] kernel_main: timeslice ticks = 9
[INFO] Selected next process: idle
[INFO] Selected next process: kernel_main
[INFO] [TICK 320] kernel_main: timeslice ticks = 9
[INFO] Selected next process: idle
[INFO] Selected next process: kernel_main
[INFO] [TICK 321] kernel_main: timeslice ticks = 9
[INFO] Selected next process: idle
[INFO] Selected next process: kernel_main
[INFO] [TICK 322] kernel_main: timeslice ticks = 9
[INFO] Selected next process: idle
[INFO] Selected next process: kernel_main
[INFO] [TICK 323] kernel_main: timeslice ticks = 9
[INFO] Selected next process: idle
[INFO] Selected next process: kernel_main
[INFO] [TICK 324] kernel_main: timeslice ticks = 9
[INFO] Selected next process: idle
[INFO] Selected next process: kernel_main
[INFO] [TICK 325] kernel_main: timeslice ticks = 9
[INFO] Selected next process: idle
[INFO] Selected next process: kernel_main
[INFO] [TICK 326] kernel_main: timeslice ticks = 9
[INFO] Selected next process: idle
[INFO] Selected next process: kernel_main
[INFO] [TICK 327] kernel_main: timeslice ticks = 9
[INFO] Selected next process: idle
[INFO] Selected next process: kernel_main
[INFO] [TICK 328] kernel_main: timeslice ticks = 9
[INFO] Selected next process: idle
[INFO] Selected next process: kernel_main
[INFO] [TICK 329] kernel_main: timeslice ticks = 9
[INFO] Selected next process: idle
[INFO] Selected next process: kernel_main
[INFO] [TICK 330] kernel_main: timeslice ticks = 9
[INFO] Selected next process: idle
[INFO] Selected next process: kernel_main
[INFO] [TICK 331] kernel_main: timeslice ticks = 9
[INFO] Selected next process: idle
[INFO] Selected next process: kernel_main
[INFO] [TICK 332] kernel_main: timeslice ticks = 9
[INFO] Selected next process: idle
[INFO] Selected next process: kernel_main
[INFO] [TICK 333] kernel_main: timeslice ticks = 9
[INFO] Selected next process: idle
[INFO] Selected next process: kernel_main
[INFO] [TICK 334] kernel_main: timeslice ticks = 9
[INFO] Selected next process: idle
[INFO] Selected next process: kernel_main
[INFO] [TICK 335] kernel_main: timeslice ticks = 9
[INFO] Selected next process: idle
[INFO] Selected next process: kernel_main
[INFO] [TICK 336] kernel_main: timeslice ticks = 9
[INFO] Selected next process: idle
[INFO] Selected next process: kernel_main
[INFO] [TICK 337] kernel_main: timeslice ticks = 9
[INFO] Selected next process: idle
[INFO] Selected next process: kernel_main
[INFO] [TICK 338] kernel_main: timeslice ticks = 9
[INFO] Selected next process: idle
[INFO] Selected next process: kernel_main
[INFO] [TICK 339] kernel_main: timeslice ticks = 9
[INFO] Selected next process: idle
[INFO] Selected next process: kernel_main
[INFO] [TICK 340] kernel_main: timeslice ticks = 9
[INFO] Selected next process: idle
[INFO] Selected next process: kernel_main
[INFO] [TICK 341] kernel_main: timeslice ticks = 9
[INFO] Selected next process: idle
[INFO] Selected next process: kernel_main
[INFO] [TICK 342] kernel_main: timeslice ticks = 9
[INFO] Selected next process: idle
[INFO] Selected next process: kernel_main
[INFO] [TICK 343] kernel_main: timeslice ticks = 9
[INFO] Selected next process: idle
[INFO] Selected next process: kernel_main
[INFO] [TICK 344] kernel_main: timeslice ticks = 9
[INFO] Selected next process: idle
[INFO] Selected next process: kernel_main
[INFO] [TICK 345] kernel_main: timeslice ticks = 9
[INFO] Selected next process: idle
[INFO] Selected next process: kernel_main
[INFO] [TICK 346] kernel_main: timeslice ticks = 9
[INFO] Selected next process: idle
[INFO] Selected next process: kernel_main
[INFO] [TICK 347] kernel_main: timeslice ticks = 9
[INFO] Selected next process: idle
[INFO] Selected next process: kernel_main
[INFO] [TICK 348] kernel_main: timeslice ticks = 9
[INFO] Selected next process: idle
[INFO] Selected next process: kernel_main
[INFO] [TICK 349] kernel_main: timeslice ticks = 9
[INFO] Selected next process: idle
[INFO] Selected next process: kernel_main
[INFO] [TICK 350] kernel_main: timeslice ticks = 9
[INFO] Selected next process: idle
[INFO] Selected next process: kernel_main
[INFO] [TICK 351] kernel_main: timeslice ticks = 9
[INFO] Selected next process: idle
[INFO] Selected next process: kernel_main
[INFO] [TICK 352] kernel_main: timeslice ticks = 9
[INFO] Selected next process: idle
[INFO] Selected next process: kernel_main
[INFO] [TICK 353] kernel_main: timeslice ticks = 9
[INFO] Selected next process: idle
[INFO] Selected next process: kernel_main
[INFO] [TICK 354] kernel_main: timeslice ticks = 9
[INFO] Selected next process: idle
[INFO] Selected next process: kernel_main
[INFO] [TICK 355] kernel_main: timeslice ticks = 9
[INFO] Selected next process: idle
[INFO] Selected next process: kernel_main
[INFO] [TICK 356] kernel_main: timeslice ticks = 9
[INFO] Selected next process: idle
[INFO] Selected next process: kernel_main
[INFO] [TICK 357] kernel_main: timeslice ticks = 9
[INFO] Selected next process: idle
[INFO] Selected next process: kernel_main
[INFO] [TICK 358] kernel_main: timeslice ticks = 9
[INFO] Selected next process: idle
[INFO] Selected next process: kernel_main
[INFO] [TICK 359] kernel_main: timeslice ticks = 9
[INFO] Selected next process: idle
[INFO] Selected next process: kernel_main
[INFO] [TICK 360] kernel_main: timeslice ticks = 9
[INFO] Selected next process: idle
[INFO] Selected next process: kernel_main
[INFO] [TICK 361] kernel_main: timeslice ticks = 9
[INFO] Selected next process: idle
[INFO] Selected next process: kernel_main
[INFO] [TICK 362] kernel_main: timeslice ticks = 9
[INFO] Selected next process: idle
[INFO] Selected next process: kernel_main
[INFO] [TICK 363] kernel_main: timeslice ticks = 9
[INFO] Selected next process: idle
[INFO] Selected next process: kernel_main
[INFO] [TICK 364] kernel_main: timeslice ticks = 9
[INFO] Selected next process: idle
[INFO] Selected next process: kernel_main
[INFO] [TICK 365] kernel_main: timeslice ticks = 9
[INFO] Selected next process: idle
[INFO] Selected next process: kernel_main
[INFO] [TICK 366] kernel_main: timeslice ticks = 9
[INFO] Selected next process: idle
[INFO] Selected next process: kernel_main
[INFO] [TICK 367] kernel_main: timeslice ticks = 9
[INFO] Selected next process: idle
[INFO] Selected next process: kernel_main
[INFO] [TICK 368] kernel_main: timeslice ticks = 9
[INFO] Selected next process: idle
[INFO] Selected next process: kernel_main
[INFO] [TICK 369] kernel_main: timeslice ticks = 9
[INFO] Selected next process: idle
[INFO] Selected next process: kernel_main
[INFO] [TICK 370] kernel_main: timeslice ticks = 9
[INFO] Selected next process: idle
[INFO] Selected next process: kernel_main
[INFO] [TICK 371] kernel_main: timeslice ticks = 9
[INFO] Selected next process: idle
[INFO] Selected next process: kernel_main
[INFO] [TICK 372] kernel_main: timeslice ticks = 9
[INFO] Selected next process: idle
[INFO] Selected next process: kernel_main
[INFO] [TICK 373] kernel_main: timeslice ticks = 9
[INFO] Selected next process: idle
[INFO] Selected next process: kernel_main
[INFO] [TICK 374] kernel_main: timeslice ticks = 9
[INFO] Selected next process: idle
[INFO] Selected next process: kernel_main
[INFO] [TICK 375] kernel_main: timeslice ticks = 9
[INFO] Selected next process: idle
[INFO] Selected next process: kernel_main
[INFO] [TICK 376] kernel_main: timeslice ticks = 9
[INFO] Selected next process: idle
[INFO] Selected next process: kernel_main
[INFO] [TICK 377] kernel_main: timeslice ticks = 9
[INFO] Selected next process: idle
[INFO] Selected next process: kernel_main
[INFO] [TICK 378] kernel_main: timeslice ticks = 9
[INFO] Selected next process: idle
[INFO] Selected next process: kernel_main
[INFO] [TICK 379] kernel_main: timeslice ticks = 9
[INFO] Selected next process: idle
[INFO] Selected next process: kernel_main
[INFO] [TICK 380] kernel_main: timeslice ticks = 9
[INFO] Selected next process: idle
[INFO] Selected next process: kernel_main
[INFO] [TICK 381] kernel_main: timeslice ticks = 9
[INFO] Selected next process: idle
[INFO] Selected next process: kernel_main
[INFO] [TICK 382] kernel_main: timeslice ticks = 9
[INFO] Selected next process: idle
[INFO] Selected next process: kernel_main
[INFO] [TICK 383] kernel_main: timeslice ticks = 9
[INFO] Selected next process: idle
[INFO] Selected next process: kernel_main
[INFO] [TICK 384] kernel_main: timeslice ticks = 9
[INFO] Selected next process: idle
[INFO] Selected next process: kernel_main
[INFO] [TICK 385] kernel_main: timeslice ticks = 9
[INFO] Selected next process: idle
[INFO] Selected next process: kernel_main
[INFO] [TICK 386] kernel_main: timeslice ticks = 9
[INFO] Selected next process: idle
[INFO] Selected next process: kernel_main
[INFO] [TICK 387] kernel_main: timeslice ticks = 9
[INFO] Selected next process: idle
[INFO] Selected next process: kernel_main
[INFO] [TICK 388] kernel_main: timeslice ticks = 9
[INFO] Selected next process: idle
[INFO] Selected next process: kernel_main
[INFO] [TICK 389] kernel_main: timeslice ticks = 9
[INFO] Selected next process: idle
[INFO] Selected next process: kernel_main
[INFO] [TICK 390] kernel_main: timeslice ticks = 9
[INFO] Selected next process: idle
[INFO] Selected next process: kernel_main
[INFO] [TICK 391] kernel_main: timeslice ticks = 9
[INFO] Selected next process: idle
[INFO] Selected next process: kernel_main
[INFO] [TICK 392] kernel_main: timeslice ticks = 9
[INFO] Selected next process: idle
[INFO] Selected next process: kernel_main
[INFO] [TICK 393] kernel_main: timeslice ticks = 9
[INFO] Selected next process: idle
[INFO] Selected next process: kernel_main
[INFO] [TICK 394] kernel_main: timeslice ticks = 9
[INFO] Selected next process: idle
[INFO] Selected next process: kernel_main
[INFO] [TICK 395] kernel_main: timeslice ticks = 9
[INFO] Selected next process: idle
[INFO] Selected next process: kernel_main
[INFO] [TICK 396] kernel_main: timeslice ticks = 9
[INFO] Selected next process: idle
[INFO] Selected next process: kernel_main
[INFO] [TICK 397] kernel_main: timeslice ticks = 9
[INFO] Selected next process: idle
[INFO] Selected next process: kernel_main
[INFO] [TICK 398] kernel_main: timeslice ticks = 9
[INFO] Selected next process: idle
[INFO] Selected next process: kernel_main
[INFO] [TICK 399] kernel_main: timeslice ticks = 9
[INFO] Selected next process: idle
[INFO] Selected next process: kernel_main
[INFO] [TICK 400] kernel_main: timeslice ticks = 9
[INFO] Selected next process: idle
[INFO] Selected next process: kernel_main
[INFO] [TICK 401] kernel_main: timeslice ticks = 9
[INFO] Selected next process: idle
[INFO] Selected next process: kernel_main
[INFO] [TICK 402] kernel_main: timeslice ticks = 9
[INFO] Selected next process: idle
[INFO] Selected next process: kernel_main
[INFO] [TICK 403] kernel_main: timeslice ticks = 9
[INFO] Selected next process: idle
[INFO] Selected next process: kernel_main
[INFO] [TICK 404] kernel_main: timeslice ticks = 9
[INFO] Selected next process: idle
[INFO] Selected next process: kernel_main
[INFO] [TICK 405] kernel_main: timeslice ticks = 9
[INFO] Selected next process: idle
[INFO] Selected next process: kernel_main
[INFO] [TICK 406] kernel_main: timeslice ticks = 9
[INFO] Selected next process: idle
[INFO] Selected next process: kernel_main
[INFO] [TICK 407] kernel_main: timeslice ticks = 9
[INFO] Selected next process: idle
[INFO] Selected next process: kernel_main
[INFO] [TICK 408] kernel_main: timeslice ticks = 9
[INFO] Selected next process: idle
[INFO] Selected next process: kernel_main
[INFO] [TICK 409] kernel_main: timeslice ticks = 9
[INFO] Selected next process: idle
[INFO] Selected next process: kernel_main
[INFO] [TICK 410] kernel_main: timeslice ticks = 9
[INFO] Selected next process: idle
[INFO] Selected next process: kernel_main
[INFO] [TICK 411] kernel_main: timeslice ticks = 9
[INFO] Selected next process: idle
[INFO] Selected next process: kernel_main
[INFO] [TICK 412] kernel_main: timeslice ticks = 9
[INFO] Selected next process: idle
[INFO] Selected next process: kernel_main
[INFO] [TICK 413] kernel_main: timeslice ticks = 9
[INFO] Selected next process: idle
[INFO] Selected next process: kernel_main
[INFO] [TICK 414] kernel_main: timeslice ticks = 9
[INFO] Selected next process: idle
[INFO] Selected next process: kernel_main
[INFO] [TICK 415] kernel_main: timeslice ticks = 9
[INFO] Selected next process: idle
[INFO] Selected next process: kernel_main
[INFO] [TICK 416] kernel_main: timeslice ticks = 9
[INFO] Selected next process: idle
[INFO] Selected next process: kernel_main
[INFO] [TICK 417] kernel_main: timeslice ticks = 9
[INFO] Selected next process: idle
[INFO] Selected next process: kernel_main
[INFO] [TICK 418] kernel_main: timeslice ticks = 9
[INFO] Selected next process: idle
[INFO] Selected next process: kernel_main
[INFO] [TICK 419] kernel_main: timeslice ticks = 9
[INFO] Selected next process: idle
[INFO] Selected next process: kernel_main
[INFO] [TICK 420] kernel_main: timeslice ticks = 9
[INFO] Selected next process: idle
[INFO] Selected next process: kernel_main
[INFO] [TICK 421] kernel_main: timeslice ticks = 9
[INFO] Selected next process: idle
[INFO] Selected next process: kernel_main
[INFO] [TICK 422] kernel_main: timeslice ticks = 9
[INFO] Selected next process: idle
[INFO] Selected next process: kernel_main
[INFO] [TICK 423] kernel_main: timeslice ticks = 9
[INFO] Selected next process: idle
[INFO] Selected next process: kernel_main
[INFO] [TICK 424] kernel_main: timeslice ticks = 9
[INFO] Selected next process: idle
[INFO] Selected next process: kernel_main
[INFO] [TICK 425] kernel_main: timeslice ticks = 9
[INFO] Selected next process: idle
[INFO] Selected next process: kernel_main
[INFO] [TICK 426] kernel_main: timeslice ticks = 9
[INFO] Selected next process: idle
[INFO] Selected next process: kernel_main
[INFO] [TICK 427] kernel_main: timeslice ticks = 9
[INFO] Selected next process: idle
[INFO] Selected next process: kernel_main
[INFO] [TICK 428] kernel_main: timeslice ticks = 9
[INFO] Selected next process: idle
[INFO] Selected next process: kernel_main
[INFO] [TICK 429] kernel_main: timeslice ticks = 9
[INFO] Selected next process: idle
[INFO] Selected next process: kernel_main
[INFO] [TICK 430] kernel_main: timeslice ticks = 9
[INFO] Selected next process: idle
[INFO] Selected next process: kernel_main
[INFO] [TICK 431] kernel_main: timeslice ticks = 9
[INFO] Selected next process: idle
[INFO] Selected next process: kernel_main
[INFO] [TICK 432] kernel_main: timeslice ticks = 9
[INFO] Selected next process: idle
[INFO] Selected next process: kernel_main
[INFO] [TICK 433] kernel_main: timeslice ticks = 9
[INFO] Selected next process: idle
[INFO] Selected next process: kernel_main
[INFO] [TICK 434] kernel_main: timeslice ticks = 9
[INFO] Selected next process: idle
[INFO] Selected next process: kernel_main
[INFO] [TICK 435] kernel_main: timeslice ticks = 9
[INFO] Selected next process: idle
[INFO] Selected next process: kernel_main
[INFO] [TICK 436] kernel_main: timeslice ticks = 9
[INFO] Selected next process: idle
[INFO] Selected next process: kernel_main
[INFO] [TICK 437] kernel_main: timeslice ticks = 9
[INFO] Selected next process: idle
[INFO] Selected next process: kernel_main
[INFO] [TICK 438] kernel_main: timeslice ticks = 9
[INFO] Selected next process: idle
[INFO] Selected next process: kernel_main
[INFO] [TICK 439] kernel_main: timeslice ticks = 9
[INFO] Selected next process: idle
[INFO] Selected next process: kernel_main
[INFO] [TICK 440] kernel_main: timeslice ticks = 9
[INFO] Selected next process: idle
[INFO] Selected next process: kernel_main
[INFO] [TICK 441] kernel_main: timeslice ticks = 9
[INFO] Selected next process: idle
[INFO] Selected next process: kernel_main
[INFO] [TICK 442] kernel_main: timeslice ticks = 9
[INFO] Selected next process: idle
[INFO] Selected next process: kernel_main
[INFO] [TICK 443] kernel_main: timeslice ticks = 9
[INFO] Selected next process: idle
[INFO] Selected next process: kernel_main
[INFO] [TICK 444] kernel_main: timeslice ticks = 9
[INFO] Selected next process: idle
[INFO] Selected next process: kernel_main
[INFO] [TICK 445] kernel_main: timeslice ticks = 9
[INFO] Selected next process: idle
[INFO] Selected next process: kernel_main
[INFO] [TICK 446] kernel_main: timeslice ticks = 9
[INFO] Selected next process: idle
[INFO] Selected next process: kernel_main
[INFO] [TICK 447] kernel_main: timeslice ticks = 9
[INFO] Selected next process: idle
[INFO] Selected next process: kernel_main
[INFO] [TICK 448] kernel_main: timeslice ticks = 9
[INFO] Selected next process: idle
[INFO] Selected next process: kernel_main
[INFO] [TICK 449] kernel_main: timeslice ticks = 9
[INFO] Selected next process: idle
[INFO] Selected next process: kernel_main
[INFO] [TICK 450] kernel_main: timeslice ticks = 9
[INFO] Selected next process: idle
[INFO] Selected next process: kernel_main
[INFO] [TICK 451] kernel_main: timeslice ticks = 9
[INFO] Selected next process: idle
[INFO] Selected next process: kernel_main
[INFO] [TICK 452] kernel_main: timeslice ticks = 9
[INFO] Selected next process: idle
[INFO] Selected next process: kernel_main
[INFO] [TICK 453] kernel_main: timeslice ticks = 9
[INFO] Selected next process: idle
[INFO] Selected next process: kernel_main
[INFO] [TICK 454] kernel_main: timeslice ticks = 9
[INFO] Selected next process: idle
[INFO] Selected next process: kernel_main
[INFO] [TICK 455] kernel_main: timeslice ticks = 9
[INFO] Selected next process: idle
[INFO] Selected next process: kernel_main
[INFO] [TICK 456] kernel_main: timeslice ticks = 9
[INFO] Selected next process: idle
[INFO] Selected next process: kernel_main
[INFO] [TICK 457] kernel_main: timeslice ticks = 9
[INFO] Selected next process: idle
[INFO] Selected next process: kernel_main
[INFO] [TICK 458] kernel_main: timeslice ticks = 9
[INFO] Selected next process: idle
[INFO] Selected next process: kernel_main
[INFO] [TICK 459] kernel_main: timeslice ticks = 9
[INFO] Selected next process: idle
[INFO] Selected next process: kernel_main
[INFO] [TICK 460] kernel_main: timeslice ticks = 9
[INFO] Selected next process: idle
[INFO] Selected next process: kernel_main
[INFO] [TICK 461] kernel_main: timeslice ticks = 9
[INFO] Selected next process: idle
[INFO] Selected next process: kernel_main
[INFO] [TICK 462] kernel_main: timeslice ticks = 9
[INFO] Selected next process: idle
[INFO] Selected next process: kernel_main
[INFO] [TICK 463] kernel_main: timeslice ticks = 9
[INFO] Selected next process: idle
[INFO] Selected next process: kernel_main
[INFO] [TICK 464] kernel_main: timeslice ticks = 9
[INFO] Selected next process: idle
[INFO] Selected next process: kernel_main
[INFO] [TICK 465] kernel_main: timeslice ticks = 9
[INFO] Selected next process: idle
[INFO] Selected next process: kernel_main
[INFO] [TICK 466] kernel_main: timeslice ticks = 9
[INFO] Selected next process: idle
[INFO] Selected next process: kernel_main
[INFO] [TICK 467] kernel_main: timeslice ticks = 9
[INFO] Selected next process: idle
[INFO] Selected next process: kernel_main
[INFO] [TICK 468] kernel_main: timeslice ticks = 9
[INFO] Selected next process: idle
[INFO] Selected next process: kernel_main
[INFO] [TICK 469] kernel_main: timeslice ticks = 9
[INFO] Selected next process: idle
[INFO] Selected next process: kernel_main
[INFO] [TICK 470] kernel_main: timeslice ticks = 9
[INFO] Selected next process: idle
[INFO] Selected next process: kernel_main
[INFO] [TICK 471] kernel_main: timeslice ticks = 9
[INFO] Selected next process: idle
[INFO] Selected next process: kernel_main
[INFO] [TICK 472] kernel_main: timeslice ticks = 9
[INFO] Selected next process: idle
[INFO] Selected next process: kernel_main
[INFO] [TICK 473] kernel_main: timeslice ticks = 9
[INFO] Selected next process: idle
[INFO] Selected next process: kernel_main
[INFO] [TICK 474] kernel_main: timeslice ticks = 9
[INFO] Selected next process: idle
[INFO] Selected next process: kernel_main
[INFO] [TICK 475] kernel_main: timeslice ticks = 9
[INFO] Selected next process: idle
[INFO] Selected next process: kernel_main
[INFO] [TICK 476] kernel_main: timeslice ticks = 9
[INFO] Selected next process: idle
[INFO] Selected next process: kernel_main
[INFO] [TICK 477] kernel_main: timeslice ticks = 9
[INFO] Selected next process: idle
[INFO] Selected next process: kernel_main
[INFO] [TICK 478] kernel_main: timeslice ticks = 9
[INFO] Selected next process: idle
[INFO] Selected next process: kernel_main
[INFO] [TICK 479] kernel_main: timeslice ticks = 9
[INFO] Selected next process: idle
[INFO] Selected next process: kernel_main
[INFO] [TICK 480] kernel_main: timeslice ticks = 9
[INFO] Selected next process: idle
[INFO] Selected next process: kernel_main
[INFO] [TICK 481] kernel_main: timeslice ticks = 9
[INFO] Selected next process: idle
[INFO] Selected next process: kernel_main
[INFO] [TICK 482] kernel_main: timeslice ticks = 9
[INFO] Selected next process: idle
[INFO] Selected next process: kernel_main
[INFO] [TICK 483] kernel_main: timeslice ticks = 9
[INFO] Selected next process: idle
[INFO] Selected next process: kernel_main
[INFO] [TICK 484] kernel_main: timeslice ticks = 9
[INFO] Selected next process: idle
[INFO] Selected next process: kernel_main
[INFO] [TICK 485] kernel_main: timeslice ticks = 9
[INFO] Selected next process: idle
[INFO] Selected next process: kernel_main
[INFO] [TICK 486] kernel_main: timeslice ticks = 9
[INFO] Selected next process: idle
[INFO] Selected next process: kernel_main
[INFO] [TICK 487] kernel_main: timeslice ticks = 9
[INFO] Selected next process: idle
[INFO] Selected next process: kernel_main
[INFO] [TICK 488] kernel_main: timeslice ticks = 9
[INFO] Selected next process: idle
[INFO] Selected next process: kernel_main
[INFO] [TICK 489] kernel_main: timeslice ticks = 9
[INFO] Selected next process: idle
[INFO] Selected next process: kernel_main
[INFO] [TICK 490] kernel_main: timeslice ticks = 9
[INFO] Selected next process: idle
[INFO] Selected next process: kernel_main
[INFO] [TICK 491] kernel_main: timeslice ticks = 9
[INFO] Selected next process: idle
[INFO] Selected next process: kernel_main
[INFO] [TICK 492] kernel_main: timeslice ticks = 9
[INFO] Selected next process: idle
[INFO] Selected next process: kernel_main
[INFO] [TICK 493] kernel_main: timeslice ticks = 9
[INFO] Selected next process: idle
[INFO] Selected next process: kernel_main
[INFO] [TICK 494] kernel_main: timeslice ticks = 9
[INFO] Selected next process: idle
[INFO] Selected next process: kernel_main
[INFO] [TICK 495] kernel_main: timeslice ticks = 9
[INFO] Selected next process: idle
[INFO] Selected next process: kernel_main
[INFO] [TICK 496] kernel_main: timeslice ticks = 9
[INFO] Selected next process: idle
[INFO] Selected next process: kernel_main
[INFO] [TICK 497] kernel_main: timeslice ticks = 9
[INFO] Selected next process: idle
[INFO] Selected next process: kernel_main
[INFO] [TICK 498] kernel_main: timeslice ticks = 9
[INFO] Selected next process: idle
[INFO] Selected next process: kernel_main
[INFO] [TICK 499] kernel_main: timeslice ticks = 9
[INFO] Selected next process: idle
[INFO] Selected next process: kernel_main
[INFO] [TICK 500] kernel_main: timeslice ticks = 9
[INFO] Selected next process: idle
[INFO] Selected next process: kernel_main
[INFO] [TICK 501] kernel_main: timeslice ticks = 9
[INFO] Selected next process: idle
[INFO] Selected next process: kernel_main
[INFO] [TICK 502] kernel_main: timeslice ticks = 9
[INFO] Selected next process: idle
[INFO] Selected next process: kernel_main
[INFO] [TICK 503] kernel_main: timeslice ticks = 9
[INFO] Selected next process: idle
[INFO] Selected next process: kernel_main
[INFO] [TICK 504] kernel_main: timeslice ticks = 9
[INFO] Selected next process: idle
[INFO] Selected next process: kernel_main
[INFO] [TICK 505] kernel_main: timeslice ticks = 9
[INFO] Selected next process: idle
[INFO] Selected next process: kernel_main
[INFO] [TICK 506] kernel_main: timeslice ticks = 9
[INFO] Selected next process: idle
[INFO] Selected next process: kernel_main
[INFO] [TICK 507] kernel_main: timeslice ticks = 9
[INFO] Selected next process: idle
[INFO] Selected next process: kernel_main
[INFO] [TICK 508] kernel_main: timeslice ticks = 9
[INFO] Selected next process: idle
[INFO] Selected next process: kernel_main
[INFO] [TICK 509] kernel_main: timeslice ticks = 9
[INFO] Selected next process: idle
[INFO] Selected next process: kernel_main
[INFO] [TICK 510] kernel_main: timeslice ticks = 9
[INFO] Selected next process: idle
[INFO] Selected next process: kernel_main
[INFO] [TICK 511] kernel_main: timeslice ticks = 9
[INFO] Selected next process: idle
[INFO] Selected next process: kernel_main
[INFO] [TICK 512] kernel_main: timeslice ticks = 9
[INFO] Selected next process: idle
[INFO] Selected next process: kernel_main
[INFO] [TICK 513] kernel_main: timeslice ticks = 9
[INFO] Selected next process: idle
[INFO] Selected next process: kernel_main
[INFO] [TICK 514] kernel_main: timeslice ticks = 9
[INFO] Selected next process: idle
[INFO] Selected next process: kernel_main
[INFO] [TICK 515] kernel_main: timeslice ticks = 9
[INFO] Selected next process: idle
[INFO] Selected next process: kernel_main
[INFO] [TICK 516] kernel_main: timeslice ticks = 9
[INFO] Selected next process: idle
[INFO] Selected next process: kernel_main
[INFO] [TICK 517] kernel_main: timeslice ticks = 9
[INFO] Selected next process: idle
[INFO] Selected next process: kernel_main
[INFO] [TICK 518] kernel_main: timeslice ticks = 9
[INFO] Selected next process: idle
[INFO] Selected next process: kernel_main
[INFO] [TICK 519] kernel_main: timeslice ticks = 9
[INFO] Selected next process: idle
[INFO] Selected next process: kernel_main
[INFO] [TICK 520] kernel_main: timeslice ticks = 9
[INFO] Selected next process: idle
[INFO] Selected next process: kernel_main
[INFO] [TICK 521] kernel_main: timeslice ticks = 9
[INFO] Selected next process: idle
[INFO] Selected next process: kernel_main
[INFO] [TICK 522] kernel_main: timeslice ticks = 9
[INFO] Selected next process: idle
[INFO] Selected next process: kernel_main
[INFO] [TICK 523] kernel_main: timeslice ticks = 9
[INFO] Selected next process: idle
[INFO] Selected next process: kernel_main
[INFO] [TICK 524] kernel_main: timeslice ticks = 9
[INFO] Selected next process: idle
[INFO] Selected next process: kernel_main
[INFO] [TICK 525] kernel_main: timeslice ticks = 9
[INFO] Selected next process: idle
[INFO] Selected next process: kernel_main
[INFO] [TICK 526] kernel_main: timeslice ticks = 9
[INFO] Selected next process: idle
[INFO] Selected next process: kernel_main
[INFO] [TICK 527] kernel_main: timeslice ticks = 9
[INFO] Selected next process: idle
[INFO] Selected next process: kernel_main
[INFO] [TICK 528] kernel_main: timeslice ticks = 9
[INFO] Selected next process: idle
[INFO] Selected next process: kernel_main
[INFO] [TICK 529] kernel_main: timeslice ticks = 9
[INFO] Selected next process: idle
[INFO] Selected next process: kernel_main
[INFO] [TICK 530] kernel_main: timeslice ticks = 9
[INFO] Selected next process: idle
[INFO] Selected next process: kernel_main
[INFO] [TICK 531] kernel_main: timeslice ticks = 9
[INFO] Selected next process: idle
[INFO] Selected next process: kernel_main
[INFO] [TICK 532] kernel_main: timeslice ticks = 9
[INFO] Selected next process: idle
[INFO] Selected next process: kernel_main
[INFO] [TICK 533] kernel_main: timeslice ticks = 9
[INFO] Selected next process: idle
[INFO] Selected next process: kernel_main
[INFO] [TICK 534] kernel_main: timeslice ticks = 9
[INFO] Selected next process: idle
[INFO] Selected next process: kernel_main
[INFO] [TICK 535] kernel_main: timeslice ticks = 9
[INFO] Selected next process: idle
[INFO] Selected next process: kernel_main
[INFO] [TICK 536] kernel_main: timeslice ticks = 9
[INFO] Selected next process: idle
[INFO] Selected next process: kernel_main
[INFO] [TICK 537] kernel_main: timeslice ticks = 9
[INFO] Selected next process: idle
[INFO] Selected next process: kernel_main
[INFO] [TICK 538] kernel_main: timeslice ticks = 9
[INFO] Selected next process: idle
[INFO] Selected next process: kernel_main
[INFO] [TICK 539] kernel_main: timeslice ticks = 9
[INFO] Selected next process: idle
[INFO] Selected next process: kernel_main
[INFO] [TICK 540] kernel_main: timeslice ticks = 9
[INFO] Selected next process: idle
[INFO] Selected next process: kernel_main
[INFO] [TICK 541] kernel_main: timeslice ticks = 9
[INFO] Selected next process: idle
[INFO] Selected next process: kernel_main
[INFO] [TICK 542] kernel_main: timeslice ticks = 9
[INFO] Selected next process: idle
[INFO] Selected next process: kernel_main
[INFO] [TICK 543] kernel_main: timeslice ticks = 9
[INFO] Selected next process: idle
[INFO] Selected next process: kernel_main
[INFO] [TICK 544] kernel_main: timeslice ticks = 9
[INFO] Selected next process: idle
[INFO] Selected next process: kernel_main
[INFO] [TICK 545] kernel_main: timeslice ticks = 9
[INFO] Selected next process: idle
[INFO] Selected next process: kernel_main
[INFO] [TICK 546] kernel_main: timeslice ticks = 9
[INFO] Selected next process: idle
[INFO] Selected next process: kernel_main
[INFO] [TICK 547] kernel_main: timeslice ticks = 9
[INFO] Selected next process: idle
[INFO] Selected next process: kernel_main
[INFO] [TICK 548] kernel_main: timeslice ticks = 9
[INFO] Selected next process: idle
[INFO] Selected next process: kernel_main
[INFO] [TICK 549] kernel_main: timeslice ticks = 9
[INFO] Selected next process: idle
[INFO] Selected next process: kernel_main
[INFO] [TICK 550] kernel_main: timeslice ticks = 9
[INFO] Selected next process: idle
[INFO] Selected next process: kernel_main
[INFO] [TICK 551] kernel_main: timeslice ticks = 9
[INFO] Selected next process: idle
[INFO] Selected next process: kernel_main
[INFO] [TICK 552] kernel_main: timeslice ticks = 9
[INFO] Selected next process: idle
[INFO] Selected next process: kernel_main
[INFO] [TICK 553] kernel_main: timeslice ticks = 9
[INFO] Selected next process: idle
[INFO] Selected next process: kernel_main
[INFO] [TICK 554] kernel_main: timeslice ticks = 9
[INFO] Selected next process: idle
[INFO] Selected next process: kernel_main
[INFO] [TICK 555] kernel_main: timeslice ticks = 9
[INFO] Selected next process: idle
[INFO] Selected next process: kernel_main
[INFO] [TICK 556] kernel_main: timeslice ticks = 9
[INFO] Selected next process: idle
[INFO] Selected next process: kernel_main
[INFO] [TICK 557] kernel_main: timeslice ticks = 9
[INFO] Selected next process: idle
[INFO] Selected next process: kernel_main
[INFO] [TICK 558] kernel_main: timeslice ticks = 9
[INFO] Selected next process: idle
[INFO] Selected next process: kernel_main
[INFO] [TICK 559] kernel_main: timeslice ticks = 9
[INFO] Selected next process: idle
[INFO] Selected next process: kernel_main
[INFO] [TICK 560] kernel_main: timeslice ticks = 9
[INFO] Selected next process: idle
[INFO] Selected next process: kernel_main
[INFO] [TICK 561] kernel_main: timeslice ticks = 9
[INFO] Selected next process: idle
[INFO] Selected next process: kernel_main
[INFO] [TICK 562] kernel_main: timeslice ticks = 9
[INFO] Selected next process: idle
[INFO] Selected next process: kernel_main
[INFO] [TICK 563] kernel_main: timeslice ticks = 9
[INFO] Selected next process: idle
[INFO] Selected next process: kernel_main
[INFO] [TICK 564] kernel_main: timeslice ticks = 9
[INFO] Selected next process: idle
[INFO] Selected next process: kernel_main
[INFO] [TICK 565] kernel_main: timeslice ticks = 9
[INFO] Selected next process: idle
[INFO] Selected next process: kernel_main
[INFO] [TICK 566] kernel_main: timeslice ticks = 9
[INFO] Selected next process: idle
[INFO] Selected next process: kernel_main
[INFO] [TICK 567] kernel_main: timeslice ticks = 9
[INFO] Selected next process: idle
[INFO] Selected next process: kernel_main
[INFO] [TICK 568] kernel_main: timeslice ticks = 9
[INFO] Selected next process: idle
[INFO] Selected next process: kernel_main
[INFO] [TICK 569] kernel_main: timeslice ticks = 9
[INFO] Selected next process: idle
[INFO] Selected next process: kernel_main
[INFO] [TICK 570] kernel_main: timeslice ticks = 9
[INFO] Selected next process: idle
[INFO] Selected next process: kernel_main
[INFO] [TICK 571] kernel_main: timeslice ticks = 9
[INFO] Selected next process: idle
[INFO] Selected next process: kernel_main
[INFO] [TICK 572] kernel_main: timeslice ticks = 9
[INFO] Selected next process: idle
[INFO] Selected next process: kernel_main
[INFO] [TICK 573] kernel_main: timeslice ticks = 9
[INFO] Selected next process: idle
[INFO] Selected next process: kernel_main
[INFO] [TICK 574] kernel_main: timeslice ticks = 9
[INFO] Selected next process: idle
[INFO] Selected next process: kernel_main
[INFO] [TICK 575] kernel_main: timeslice ticks = 9
[INFO] Selected next process: idle
[INFO] Selected next process: kernel_main
[INFO] [TICK 576] kernel_main: timeslice ticks = 9
[INFO] Selected next process: idle
[INFO] Selected next process: kernel_main
[INFO] [TICK 577] kernel_main: timeslice ticks = 9
[INFO] Selected next process: idle
[INFO] Selected next process: kernel_main
[INFO] [TICK 578] kernel_main: timeslice ticks = 9
[INFO] Selected next process: idle
[INFO] Selected next process: kernel_main
[INFO] [TICK 579] kernel_main: timeslice ticks = 9
[INFO] Selected next process: idle
[INFO] Selected next process: kernel_main
[INFO] [TICK 580] kernel_main: timeslice ticks = 9
[INFO] Selected next process: idle
[INFO] Selected next process: kernel_main
[INFO] [TICK 581] kernel_main: timeslice ticks = 9
[INFO] Selected next process: idle
[INFO] Selected next process: kernel_main
[INFO] [TICK 582] kernel_main: timeslice ticks = 9
[INFO] Selected next process: idle
[INFO] Selected next process: kernel_main
[INFO] [TICK 583] kernel_main: timeslice ticks = 9
[INFO] Selected next process: idle
[INFO] Selected next process: kernel_main
[INFO] [TICK 584] kernel_main: timeslice ticks = 9
[INFO] Selected next process: idle
[INFO] Selected next process: kernel_main
[INFO] [TICK 585] kernel_main: timeslice ticks = 9
[INFO] Selected next process: idle
[INFO] Selected next process: kernel_main
[INFO] [TICK 586] kernel_main: timeslice ticks = 9
[INFO] Selected next process: idle
[INFO] Selected next process: kernel_main
[INFO] [TICK 587] kernel_main: timeslice ticks = 9
[INFO] Selected next process: idle
[INFO] Selected next process: kernel_main
[INFO] [TICK 588] kernel_main: timeslice ticks = 9
[INFO] Selected next process: idle
[INFO] Selected next process: kernel_main
[INFO] [TICK 589] kernel_main: timeslice ticks = 9
[INFO] Selected next process: idle
[INFO] Selected next process: kernel_main
[INFO] [TICK 590] kernel_main: timeslice ticks = 9
[INFO] Selected next process: idle
[INFO] Selected next process: kernel_main
[INFO] [TICK 591] kernel_main: timeslice ticks = 9
[INFO] Selected next process: idle
[INFO] Selected next process: kernel_main
[INFO] [TICK 592] kernel_main: timeslice ticks = 9
[INFO] Selected next process: idle
[INFO] Selected next process: kernel_main
[INFO] [TICK 593] kernel_main: timeslice ticks = 9
[INFO] Selected next process: idle
[INFO] Selected next process: kernel_main
[INFO] [TICK 594] kernel_main: timeslice ticks = 9
[INFO] Selected next process: idle
[INFO] Selected next process: kernel_main
[INFO] [TICK 595] kernel_main: timeslice ticks = 9
[INFO] Selected next process: idle
[INFO] Selected next process: kernel_main
[INFO] [TICK 596] kernel_main: timeslice ticks = 9
[INFO] Selected next process: idle
[INFO] Selected next process: kernel_main
[INFO] [TICK 597] kernel_main: timeslice ticks = 9
[INFO] Selected next process: idle
[INFO] Selected next process: kernel_main
[INFO] [TICK 598] kernel_main: timeslice ticks = 9
[INFO] Selected next process: idle
[INFO] Selected next process: kernel_main
[INFO] [TICK 599] kernel_main: timeslice ticks = 9
[INFO] Selected next process: idle
[INFO] Selected next process: kernel_main
[INFO] [TICK 600] kernel_main: timeslice ticks = 9
[INFO] Selected next process: idle
[INFO] Selected next process: kernel_main
[INFO] [TICK 601] kernel_main: timeslice ticks = 9
[INFO] Selected next process: idle
[INFO] Selected next process: kernel_main
[INFO] [TICK 602] kernel_main: timeslice ticks = 9
[INFO] Selected next process: idle
[INFO] Selected next process: kernel_main
[INFO] [TICK 603] kernel_main: timeslice ticks = 9
[INFO] Selected next process: idle
[INFO] Selected next process: kernel_main
[INFO] [TICK 604] kernel_main: timeslice ticks = 9
[INFO] Selected next process: idle
[INFO] Selected next process: kernel_main
[INFO] [TICK 605] kernel_main: timeslice ticks = 9
[INFO] Selected next process: idle
[INFO] Selected next process: kernel_main
[INFO] [TICK 606] kernel_main: timeslice ticks = 9
[INFO] Selected next process: idle
[INFO] Selected next process: kernel_main
[INFO] [TICK 607] kernel_main: timeslice ticks = 9
[INFO] Selected next process: idle
[INFO] Selected next process: kernel_main
[INFO] [TICK 608] kernel_main: timeslice ticks = 9
[INFO] Selected next process: idle
[INFO] Selected next process: kernel_main
[INFO] [TICK 609] kernel_main: timeslice ticks = 9
[INFO] Selected next process: idle
[INFO] Selected next process: kernel_main
[INFO] [TICK 610] kernel_main: timeslice ticks = 9
[INFO] Selected next process: idle
[INFO] Selected next process: kernel_main
[INFO] [TICK 611] kernel_main: timeslice ticks = 9
[INFO] Selected next process: idle
[INFO] Selected next process: kernel_main
[INFO] [TICK 612] kernel_main: timeslice ticks = 9
[INFO] Selected next process: idle
[INFO] Selected next process: kernel_main
[INFO] [TICK 613] kernel_main: timeslice ticks = 9
[INFO] Selected next process: idle
[INFO] Selected next process: kernel_main
[INFO] [TICK 614] kernel_main: timeslice ticks = 9
[INFO] Selected next process: idle
[INFO] Selected next process: kernel_main
[INFO] [TICK 615] kernel_main: timeslice ticks = 9
[INFO] Selected next process: idle
[INFO] Selected next process: kernel_main
[INFO] [TICK 616] kernel_main: timeslice ticks = 9
[INFO] Selected next process: idle
[INFO] Selected next process: kernel_main
[INFO] [TICK 617] kernel_main: timeslice ticks = 9
[INFO] Selected next process: idle
[INFO] Selected next process: kernel_main
[INFO] [TICK 618] kernel_main: timeslice ticks = 9
[INFO] Selected next process: idle
[INFO] Selected next process: kernel_main
[INFO] [TICK 619] kernel_main: timeslice ticks = 9
[INFO] Selected next process: idle
[INFO] Selected next process: kernel_main
[INFO] [TICK 620] kernel_main: timeslice ticks = 9
[INFO] Selected next process: idle
[INFO] Selected next process: kernel_main
[INFO] [TICK 621] kernel_main: timeslice ticks = 9
[INFO] Selected next process: idle
[INFO] Selected next process: kernel_main
[INFO] [TICK 622] kernel_main: timeslice ticks = 9
[INFO] Selected next process: idle
[INFO] Selected next process: kernel_main
[INFO] [TICK 623] kernel_main: timeslice ticks = 9
[INFO] Selected next process: idle
[INFO] Selected next process: kernel_main
[INFO] [TICK 624] kernel_main: timeslice ticks = 9
[INFO] Selected next process: idle
[INFO] Selected next process: kernel_main
[INFO] [TICK 625] kernel_main: timeslice ticks = 9
[INFO] Selected next process: idle
[INFO] Selected next process: kernel_main
[INFO] [TICK 626] kernel_main: timeslice ticks = 9
[INFO] Selected next process: idle
[INFO] Selected next process: kernel_main
[INFO] [TICK 627] kernel_main: timeslice ticks = 9
[INFO] Selected next process: idle
[INFO] Selected next process: kernel_main
[INFO] [TICK 628] kernel_main: timeslice ticks = 9
[INFO] Selected next process: idle
[INFO] Selected next process: kernel_main
[INFO] [TICK 629] kernel_main: timeslice ticks = 9
[INFO] Selected next process: idle
[INFO] Selected next process: kernel_main
[INFO] [TICK 630] kernel_main: timeslice ticks = 9
[INFO] Selected next process: idle
[INFO] Selected next process: kernel_main
[INFO] [TICK 631] kernel_main: timeslice ticks = 9
[INFO] Selected next process: idle
[INFO] Selected next process: kernel_main
[INFO] [TICK 632] kernel_main: timeslice ticks = 9
[INFO] Selected next process: idle
[INFO] Selected next process: kernel_main
[INFO] [TICK 633] kernel_main: timeslice ticks = 9
[INFO] Selected next process: idle
[INFO] Selected next process: kernel_main
[INFO] [TICK 634] kernel_main: timeslice ticks = 9
[INFO] Selected next process: idle
[INFO] Selected next process: kernel_main
[INFO] [TICK 635] kernel_main: timeslice ticks = 9
[INFO] Selected next process: idle
[INFO] Selected next process: kernel_main
[INFO] [TICK 636] kernel_main: timeslice ticks = 9
[INFO] Selected next process: idle
[INFO] Selected next process: kernel_main
[INFO] [TICK 637] kernel_main: timeslice ticks = 9
[INFO] Selected next process: idle
[INFO] Selected next process: kernel_main
[INFO] [TICK 638] kernel_main: timeslice ticks = 9
[INFO] Selected next process: idle
[INFO] Selected next process: kernel_main
[INFO] [TICK 639] kernel_main: timeslice ticks = 9
[INFO] Selected next process: idle
[INFO] Selected next process: kernel_main
[INFO] [TICK 640] kernel_main: timeslice ticks = 9
[INFO] Selected next process: idle
[INFO] Selected next process: kernel_main
[INFO] [TICK 641] kernel_main: timeslice ticks = 9
[INFO] Selected next process: idle
[INFO] Selected next process: kernel_main
[INFO] [TICK 642] kernel_main: timeslice ticks = 9
[INFO] Selected next process: idle
[INFO] Selected next process: kernel_main
[INFO] [TICK 643] kernel_main: timeslice ticks = 9
[INFO] Selected next process: idle
[INFO] Selected next process: kernel_main
[INFO] [TICK 644] kernel_main: timeslice ticks = 9
[INFO] Selected next process: idle
[INFO] Selected next process: kernel_main
[INFO] [TICK 645] kernel_main: timeslice ticks = 9
[INFO] Selected next process: idle
[INFO] Selected next process: kernel_main
[INFO] [TICK 646] kernel_main: timeslice ticks = 9
[INFO] Selected next process: idle
[INFO] Selected next process: kernel_main
[INFO] [TICK 647] kernel_main: timeslice ticks = 9
[INFO] Selected next process: idle
[INFO] Selected next process: kernel_main
[INFO] [TICK 648] kernel_main: timeslice ticks = 9
[INFO] Selected next process: idle
[INFO] Selected next process: kernel_main
[INFO] [TICK 649] kernel_main: timeslice ticks = 9
[INFO] Selected next process: idle
[INFO] Selected next process: kernel_main
[INFO] [TICK 650] kernel_main: timeslice ticks = 9
[INFO] Selected next process: idle
[INFO] Selected next process: kernel_main
[INFO] [TICK 651] kernel_main: timeslice ticks = 9
[INFO] Selected next process: idle
[INFO] Selected next process: kernel_main
[INFO] [TICK 652] kernel_main: timeslice ticks = 9
[INFO] Selected next process: idle
[INFO] Selected next process: kernel_main
[INFO] [TICK 653] kernel_main: timeslice ticks = 9
[INFO] Selected next process: idle
[INFO] Selected next process: kernel_main
[INFO] [TICK 654] kernel_main: timeslice ticks = 9
[INFO] Selected next process: idle
[INFO] Selected next process: kernel_main
[INFO] [TICK 655] kernel_main: timeslice ticks = 9
[INFO] Selected next process: idle
[INFO] Selected next process: kernel_main
[INFO] [TICK 656] kernel_main: timeslice ticks = 9
[INFO] Selected next process: idle
[INFO] Selected next process: kernel_main
[INFO] [TICK 657] kernel_main: timeslice ticks = 9
[INFO] Selected next process: idle
[INFO] Selected next process: kernel_main
[INFO] [TICK 658] kernel_main: timeslice ticks = 9
[INFO] Selected next process: idle
[INFO] Selected next process: kernel_main
[INFO] [TICK 659] kernel_main: timeslice ticks = 9
[INFO] Selected next process: idle
[INFO] Selected next process: kernel_main
[INFO] [TICK 660] kernel_main: timeslice ticks = 9
[INFO] Selected next process: idle
[INFO] Selected next process: kernel_main
[INFO] [TICK 661] kernel_main: timeslice ticks = 9
[INFO] Selected next process: idle
[INFO] Selected next process: kernel_main
[INFO] [TICK 662] kernel_main: timeslice ticks = 9
[INFO] Selected next process: idle
[INFO] Selected next process: kernel_main
[INFO] [TICK 663] kernel_main: timeslice ticks = 9
[INFO] Selected next process: idle
[INFO] Selected next process: kernel_main
[INFO] [TICK 664] kernel_main: timeslice ticks = 9
[INFO] Selected next process: idle
[INFO] Selected next process: kernel_main
[INFO] [TICK 665] kernel_main: timeslice ticks = 9
[INFO] Selected next process: idle
[INFO] Selected next process: kernel_main
[INFO] [TICK 666] kernel_main: timeslice ticks = 9
[INFO] Selected next process: idle
[INFO] Selected next process: kernel_main
[INFO] [TICK 667] kernel_main: timeslice ticks = 9
[INFO] Selected next process: idle
[INFO] Selected next process: kernel_main
[INFO] [TICK 668] kernel_main: timeslice ticks = 9
[INFO] Selected next process: idle
[INFO] Selected next process: kernel_main
[INFO] [TICK 669] kernel_main: timeslice ticks = 9
[INFO] Selected next process: idle
[INFO] Selected next process: kernel_main
[INFO] [TICK 670] kernel_main: timeslice ticks = 9
[INFO] Selected next process: idle
[INFO] Selected next process: kernel_main
[INFO] [TICK 671] kernel_main: timeslice ticks = 9
[INFO] Selected next process: idle
[INFO] Selected next process: kernel_main
[INFO] [TICK 672] kernel_main: timeslice ticks = 9
[INFO] Selected next process: idle
[INFO] Selected next process: kernel_main
[INFO] [TICK 673] kernel_main: timeslice ticks = 9
[INFO] Selected next process: idle
[INFO] Selected next process: kernel_main
[INFO] [TICK 674] kernel_main: timeslice ticks = 9
[INFO] Selected next process: idle
[INFO] Selected next process: kernel_main
[INFO] [TICK 675] kernel_main: timeslice ticks = 9
[INFO] Selected next process: idle
[INFO] Selected next process: kernel_main
[INFO] [TICK 676] kernel_main: timeslice ticks = 9
[INFO] Selected next process: idle
[INFO] Selected next process: kernel_main
[INFO] [TICK 677] kernel_main: timeslice ticks = 9
[INFO] Selected next process: idle
[INFO] Selected next process: kernel_main
[INFO] [TICK 678] kernel_main: timeslice ticks = 9
[INFO] Selected next process: idle
[INFO] Selected next process: kernel_main
[INFO] [TICK 679] kernel_main: timeslice ticks = 9
[INFO] Selected next process: idle
[INFO] Selected next process: kernel_main
[INFO] [TICK 680] kernel_main: timeslice ticks = 9
[INFO] Selected next process: idle
[INFO] Selected next process: kernel_main
[INFO] [TICK 681] kernel_main: timeslice ticks = 9
[INFO] Selected next process: idle
[INFO] Selected next process: kernel_main
[INFO] [TICK 682] kernel_main: timeslice ticks = 9
[INFO] Selected next process: idle
[INFO] Selected next process: kernel_main
[INFO] [TICK 683] kernel_main: timeslice ticks = 9
[INFO] Selected next process: idle
[INFO] Selected next process: kernel_main
[INFO] [TICK 684] kernel_main: timeslice ticks = 9
[INFO] Selected next process: idle
[INFO] Selected next process: kernel_main
[INFO] [TICK 685] kernel_main: timeslice ticks = 9
[INFO] Selected next process: idle
[INFO] Selected next process: kernel_main
[INFO] [TICK 686] kernel_main: timeslice ticks = 9
[INFO] Selected next process: idle
[INFO] Selected next process: kernel_main
[INFO] [TICK 687] kernel_main: timeslice ticks = 9
[INFO] Selected next process: idle
[INFO] Selected next process: kernel_main
[INFO] [TICK 688] kernel_main: timeslice ticks = 9
[INFO] Selected next process: idle
[INFO] Selected next process: kernel_main
[INFO] [TICK 689] kernel_main: timeslice ticks = 9
[INFO] Selected next process: idle
[INFO] Selected next process: kernel_main
[INFO] [TICK 690] kernel_main: timeslice ticks = 9
[INFO] Selected next process: idle
[INFO] Selected next process: kernel_main
[INFO] [TICK 691] kernel_main: timeslice ticks = 9
[INFO] Selected next process: idle
[INFO] Selected next process: kernel_main
[INFO] [TICK 692] kernel_main: timeslice ticks = 9
[INFO] Selected next process: idle
[INFO] Selected next process: kernel_main
[INFO] [TICK 693] kernel_main: timeslice ticks = 9
[INFO] Selected next process: idle
[INFO] Selected next process: kernel_main
[INFO] [TICK 694] kernel_main: timeslice ticks = 9
[INFO] Selected next process: idle
[INFO] Selected next process: kernel_main
[INFO] [TICK 695] kernel_main: timeslice ticks = 9
[INFO] Selected next process: idle
[INFO] Selected next process: kernel_main
[INFO] [TICK 696] kernel_main: timeslice ticks = 9
[INFO] Selected next process: idle
[INFO] Selected next process: kernel_main
[INFO] [TICK 697] kernel_main: timeslice ticks = 9
[INFO] Selected next process: idle
[INFO] Selected next process: kernel_main
[INFO] [TICK 698] kernel_main: timeslice ticks = 9
[INFO] Selected next process: idle
[INFO] Selected next process: kernel_main
[INFO] [TICK 699] kernel_main: timeslice ticks = 9
[INFO] Selected next process: idle
[INFO] Selected next process: kernel_main
[INFO] [TICK 700] kernel_main: timeslice ticks = 9
[INFO] Selected next process: idle
[INFO] Selected next process: kernel_main
[INFO] [TICK 701] kernel_main: timeslice ticks = 9
[INFO] Selected next process: idle
[INFO] [TICK 702] idle: timeslice ticks = -140
[INFO] Selected next process: kernel_main
[INFO] [TICK 703] kernel_main: timeslice ticks = 9
[INFO] Selected next process: idle
[INFO] Selected next process: kernel_main
[INFO] [TICK 704] kernel_main: timeslice ticks = 9
[INFO] Selected next process: idle
[INFO] Selected next process: kernel_main
[INFO] [TICK 705] kernel_main: timeslice ticks = 9
[INFO] Selected next process: idle
[INFO] Selected next process: kernel_main
[INFO] [TICK 706] kernel_main: timeslice ticks = 9
[INFO] Selected next process: idle
[INFO] Selected next process: kernel_main
[INFO] [TICK 707] kernel_main: timeslice ticks = 9
[INFO] Selected next process: idle
[INFO] Selected next process: kernel_main
[INFO] [TICK 708] kernel_main: timeslice ticks = 9
[INFO] Selected next process: idle
[INFO] Selected next process: kernel_main
[INFO] [TICK 709] kernel_main: timeslice ticks = 9
[INFO] Selected next process: idle
[INFO] Selected next process: kernel_main
[INFO] [TICK 710] kernel_main: timeslice ticks = 9
[INFO] Selected next process: idle
[INFO] Selected next process: kernel_main
[INFO] [TICK 711] kernel_main: timeslice ticks = 9
[INFO] Selected next process: idle
[INFO] Selected next process: kernel_main
[INFO] [TICK 712] kernel_main: timeslice ticks = 9
[INFO] Selected next process: idle
[INFO] Selected next process: kernel_main
[INFO] [TICK 713] kernel_main: timeslice ticks = 9
[INFO] Selected next process: idle
[INFO] Selected next process: kernel_main
[INFO] [TICK 714] kernel_main: timeslice ticks = 9
[INFO] Selected next process: idle
[INFO] Selected next process: kernel_main
[INFO] [TICK 715] kernel_main: timeslice ticks = 9
[INFO] Selected next process: idle
[INFO] Selected next process: kernel_main
[INFO] [TICK 716] kernel_main: timeslice ticks = 9
[INFO] Selected next process: idle
[INFO] Selected next process: kernel_main
[INFO] [TICK 717] kernel_main: timeslice ticks = 9
[INFO] Selected next process: idle
[INFO] Selected next process: kernel_main
[INFO] [TICK 718] kernel_main: timeslice ticks = 9
[INFO] Selected next process: idle
[INFO] Selected next process: kernel_main
[INFO] [TICK 719] kernel_main: timeslice ticks = 9
[INFO] Selected next process: idle
[INFO] Selected next process: kernel_main
[INFO] [TICK 720] kernel_main: timeslice ticks = 9
[INFO] Selected next process: idle
[INFO] Selected next process: kernel_main
[INFO] [TICK 721] kernel_main: timeslice ticks = 9
[INFO] Selected next process: idle
[INFO] Selected next process: kernel_main
[INFO] [TICK 722] kernel_main: timeslice ticks = 9
[INFO] Selected next process: idle
[INFO] Selected next process: kernel_main
[INFO] [TICK 723] kernel_main: timeslice ticks = 9
[INFO] Selected next process: idle
[INFO] Selected next process: kernel_main
[INFO] [TICK 724] kernel_main: timeslice ticks = 9
[INFO] Selected next process: idle
[INFO] Selected next process: kernel_main
[INFO] [TICK 725] kernel_main: timeslice ticks = 9
[INFO] Selected next process: idle
[INFO] Selected next process: kernel_main
[INFO] [TICK 726] kernel_main: timeslice ticks = 9
[INFO] Selected next process: idle
[INFO] Selected next process: kernel_main
[INFO] [TICK 727] kernel_main: timeslice ticks = 9
[INFO] Selected next process: idle
[INFO] Selected next process: kernel_main
[INFO] [TICK 728] kernel_main: timeslice ticks = 9
[INFO] Selected next process: idle
[INFO] Selected next process: kernel_main
[INFO] [TICK 729] kernel_main: timeslice ticks = 9
[INFO] Selected next process: idle
[INFO] Selected next process: kernel_main
[INFO] [TICK 730] kernel_main: timeslice ticks = 9
[INFO] Selected next process: idle
[INFO] Selected next process: kernel_main
[INFO] [TICK 731] kernel_main: timeslice ticks = 9
[INFO] Selected next process: idle
[INFO] Selected next process: kernel_main
[INFO] [TICK 732] kernel_main: timeslice ticks = 9
[INFO] Selected next process: idle
[INFO] Selected next process: kernel_main
[INFO] [TICK 733] kernel_main: timeslice ticks = 9
[INFO] Selected next process: idle
[INFO] Selected next process: kernel_main
[INFO] [TICK 734] kernel_main: timeslice ticks = 9
[INFO] Selected next process: idle
[INFO] Selected next process: kernel_main
[INFO] [TICK 735] kernel_main: timeslice ticks = 9
[INFO] Selected next process: idle
[INFO] Selected next process: kernel_main
[INFO] [TICK 736] kernel_main: timeslice ticks = 9
[INFO] Selected next process: idle
[INFO] Selected next process: kernel_main
[INFO] [TICK 737] kernel_main: timeslice ticks = 9
[INFO] Selected next process: idle
[INFO] Selected next process: kernel_main
[INFO] [TICK 738] kernel_main: timeslice ticks = 9
[INFO] Selected next process: idle
[INFO] Selected next process: kernel_main
[INFO] [TICK 739] kernel_main: timeslice ticks = 9
[INFO] Selected next process: idle
[INFO] Selected next process: kernel_main
[INFO] [TICK 740] kernel_main: timeslice ticks = 9
[INFO] Selected next process: idle
[INFO] Selected next process: kernel_main
[INFO] [TICK 741] kernel_main: timeslice ticks = 9
[INFO] Selected next process: idle
[INFO] Selected next process: kernel_main
[INFO] [TICK 742] kernel_main: timeslice ticks = 9
[INFO] Selected next process: idle
[INFO] Selected next process: kernel_main
[INFO] [TICK 743] kernel_main: timeslice ticks = 9
[INFO] Selected next process: idle
[INFO] Selected next process: kernel_main
[INFO] [TICK 744] kernel_main: timeslice ticks = 9
[INFO] Selected next process: idle
[INFO] Selected next process: kernel_main
[INFO] [TICK 745] kernel_main: timeslice ticks = 9
[INFO] Selected next process: idle
[INFO] Selected next process: kernel_main
[INFO] [TICK 746] kernel_main: timeslice ticks = 9
[INFO] Selected next process: idle
[INFO] Selected next process: kernel_main
[INFO] [TICK 747] kernel_main: timeslice ticks = 9
[INFO] Selected next process: idle
[INFO] Selected next process: kernel_main
[INFO] [TICK 748] kernel_main: timeslice ticks = 9
[INFO] Selected next process: idle
[INFO] Selected next process: kernel_main
[INFO] [TICK 749] kernel_main: timeslice ticks = 9
[INFO] Selected next process: idle
[INFO] Selected next process: kernel_main
[INFO] [TICK 750] kernel_main: timeslice ticks = 9
[INFO] Selected next process: idle
[INFO] Selected next process: kernel_main
[INFO] [TICK 751] kernel_main: timeslice ticks = 9
[INFO] Selected next process: idle
[INFO] Selected next process: kernel_main
[INFO] [TICK 752] kernel_main: timeslice ticks = 9
[INFO] Selected next process: idle
[INFO] Selected next process: kernel_main
[INFO] [TICK 753] kernel_main: timeslice ticks = 9
[INFO] Selected next process: idle
[INFO] Selected next process: kernel_main
[INFO] [TICK 754] kernel_main: timeslice ticks = 9
[INFO] Selected next process: idle
[INFO] Selected next process: kernel_main
[INFO] [TICK 755] kernel_main: timeslice ticks = 9
[INFO] Selected next process: idle
[INFO] Selected next process: kernel_main
[INFO] [TICK 756] kernel_main: timeslice ticks = 9
[INFO] Selected next process: idle
[INFO] Selected next process: kernel_main
[INFO] [TICK 757] kernel_main: timeslice ticks = 9
[INFO] Selected next process: idle
[INFO] Selected next process: kernel_main
[INFO] [TICK 758] kernel_main: timeslice ticks = 9
[INFO] Selected next process: idle
[INFO] Selected next process: kernel_main
[INFO] [TICK 759] kernel_main: timeslice ticks = 9
[INFO] Selected next process: idle
[INFO] Selected next process: kernel_main
[INFO] [TICK 760] kernel_main: timeslice ticks = 9
[INFO] Selected next process: idle
[INFO] Selected next process: kernel_main
[INFO] [TICK 761] kernel_main: timeslice ticks = 9
[INFO] Selected next process: idle
[INFO] Selected next process: kernel_main
[INFO] [TICK 762] kernel_main: timeslice ticks = 9
[INFO] Selected next process: idle
[INFO] Selected next process: kernel_main
[INFO] [TICK 763] kernel_main: timeslice ticks = 9
[INFO] Selected next process: idle
[INFO] Selected next process: kernel_main
[INFO] [TICK 764] kernel_main: timeslice ticks = 9
[INFO] Selected next process: idle
[INFO] Selected next process: kernel_main
[INFO] [TICK 765] kernel_main: timeslice ticks = 9
[INFO] Selected next process: idle
[INFO] Selected next process: kernel_main
[INFO] [TICK 766] kernel_main: timeslice ticks = 9
[INFO] Selected next process: idle
[INFO] Selected next process: kernel_main
[INFO] [TICK 767] kernel_main: timeslice ticks = 9
[INFO] Selected next process: idle
[INFO] Selected next process: kernel_main
[INFO] [TICK 768] kernel_main: timeslice ticks = 9
[INFO] Selected next process: idle
[INFO] Selected next process: kernel_main
[INFO] [TICK 769] kernel_main: timeslice ticks = 9
[INFO] Selected next process: idle
[INFO] Selected next process: kernel_main
[INFO] [TICK 770] kernel_main: timeslice ticks = 9
[INFO] Selected next process: idle
[INFO] Selected next process: kernel_main
[INFO] [TICK 771] kernel_main: timeslice ticks = 9
[INFO] Selected next process: idle
[INFO] Selected next process: kernel_main
[INFO] [TICK 772] kernel_main: timeslice ticks = 9
[INFO] Selected next process: idle
[INFO] Selected next process: kernel_main
[INFO] [TICK 773] kernel_main: timeslice ticks = 9
[INFO] Selected next process: idle
[INFO] Selected next process: kernel_main
[INFO] [TICK 774] kernel_main: timeslice ticks = 9
[INFO] Selected next process: idle
[INFO] Selected next process: kernel_main
[INFO] [TICK 775] kernel_main: timeslice ticks = 9
[INFO] Selected next process: idle
[INFO] Selected next process: kernel_main
[INFO] [TICK 776] kernel_main: timeslice ticks = 9
[INFO] Selected next process: idle
[INFO] Selected next process: kernel_main
[INFO] [TICK 777] kernel_main: timeslice ticks = 9
[INFO] Selected next process: idle
[INFO] Selected next process: kernel_main
[INFO] [TICK 778] kernel_main: timeslice ticks = 9
[INFO] Selected next process: idle
[INFO] Selected next process: kernel_main
[INFO] [TICK 779] kernel_main: timeslice ticks = 9
[INFO] Selected next process: idle
[INFO] Selected next process: kernel_main
[INFO] [TICK 780] kernel_main: timeslice ticks = 9
[INFO] Selected next process: idle
[INFO] Selected next process: kernel_main
[INFO] [TICK 781] kernel_main: timeslice ticks = 9
[INFO] Selected next process: idle
[INFO] Selected next process: kernel_main
[INFO] [TICK 782] kernel_main: timeslice ticks = 9
[INFO] Selected next process: idle
[INFO] Selected next process: kernel_main
[INFO] [TICK 783] kernel_main: timeslice ticks = 9
[INFO] Selected next process: idle
[INFO] Selected next process: kernel_main
[INFO] [TICK 784] kernel_main: timeslice ticks = 9
[INFO] Selected next process: idle
[INFO] Selected next process: kernel_main
[INFO] [TICK 785] kernel_main: timeslice ticks = 9
[INFO] Selected next process: idle
[INFO] Selected next process: kernel_main
[INFO] [TICK 786] kernel_main: timeslice ticks = 9
[INFO] Selected next process: idle
[INFO] Selected next process: kernel_main
[INFO] [TICK 787] kernel_main: timeslice ticks = 9
[INFO] Selected next process: idle
[INFO] Selected next process: kernel_main
[INFO] [TICK 788] kernel_main: timeslice ticks = 9
[INFO] Selected next process: idle
[INFO] Selected next process: kernel_main
[INFO] [TICK 789] kernel_main: timeslice ticks = 9
[INFO] Selected next process: idle
[INFO] Selected next process: kernel_main
[INFO] [TICK 790] kernel_main: timeslice ticks = 9
[INFO] Selected next process: idle
[INFO] Selected next process: kernel_main
[INFO] [TICK 791] kernel_main: timeslice ticks = 9
[INFO] Selected next process: idle
[INFO] Selected next process: kernel_main
[INFO] [TICK 792] kernel_main: timeslice ticks = 9
[INFO] Selected next process: idle
[INFO] Selected next process: kernel_main
[INFO] [TICK 793] kernel_main: timeslice ticks = 9
[INFO] Selected next process: idle
[INFO] Selected next process: kernel_main
[INFO] [TICK 794] kernel_main: timeslice ticks = 9
[INFO] Selected next process: idle
[INFO] Selected next process: kernel_main
[INFO] [TICK 795] kernel_main: timeslice ticks = 9
[INFO] Selected next process: idle
[INFO] Selected next process: kernel_main
[INFO] [TICK 796] kernel_main: timeslice ticks = 9
[INFO] Selected next process: idle
[INFO] Selected next process: kernel_main
[INFO] [TICK 797] kernel_main: timeslice ticks = 9
[INFO] Selected next process: idle
[INFO] Selected next process: kernel_main
[INFO] [TICK 798] kernel_main: timeslice ticks = 9
[INFO] Selected next process: idle
[INFO] Selected next process: kernel_main
[INFO] [TICK 799] kernel_main: timeslice ticks = 9
[INFO] Selected next process: idle
[INFO] Selected next process: kernel_main
[INFO] [TICK 800] kernel_main: timeslice ticks = 9
[INFO] Selected next process: idle
[INFO] Selected next process: kernel_main
[INFO] [TICK 801] kernel_main: timeslice ticks = 9
[INFO] Selected next process: idle
[INFO] Selected next process: kernel_main
[INFO] [TICK 802] kernel_main: timeslice ticks = 9
[INFO] Selected next process: idle
[INFO] Selected next process: kernel_main
[INFO] [TICK 803] kernel_main: timeslice ticks = 9
[INFO] Selected next process: idle
[INFO] Selected next process: kernel_main
[INFO] [TICK 804] kernel_main: timeslice ticks = 9
[INFO] Selected next process: idle
[INFO] Selected next process: kernel_main
[INFO] [TICK 805] kernel_main: timeslice ticks = 9
[INFO] Selected next process: idle
[INFO] Selected next process: kernel_main
[INFO] [TICK 806] kernel_main: timeslice ticks = 9
[INFO] Selected next process: idle
[INFO] Selected next process: kernel_main
[INFO] [TICK 807] kernel_main: timeslice ticks = 9
[INFO] Selected next process: idle
[INFO] Selected next process: kernel_main
[INFO] [TICK 808] kernel_main: timeslice ticks = 9
[INFO] Selected next process: idle
[INFO] Selected next process: kernel_main
[INFO] [TICK 809] kernel_main: timeslice ticks = 9
[INFO] Selected next process: idle
[INFO] Selected next process: kernel_main
[INFO] [TICK 810] kernel_main: timeslice ticks = 9
[INFO] Selected next process: idle
[INFO] Selected next process: kernel_main
[INFO] [TICK 811] kernel_main: timeslice ticks = 9
[INFO] Selected next process: idle
[INFO] Selected next process: kernel_main
[INFO] [TICK 812] kernel_main: timeslice ticks = 9
[INFO] Selected next process: idle
[INFO] Selected next process: kernel_main
[INFO] [TICK 813] kernel_main: timeslice ticks = 9
[INFO] Selected next process: idle
[INFO] Selected next process: kernel_main
[INFO] [TICK 814] kernel_main: timeslice ticks = 9
[INFO] Selected next process: idle
[INFO] Selected next process: kernel_main
[INFO] [TICK 815] kernel_main: timeslice ticks = 9
[INFO] Selected next process: idle
[INFO] Selected next process: kernel_main
[INFO] [TICK 816] kernel_main: timeslice ticks = 9
[INFO] Selected next process: idle
[INFO] Selected next process: kernel_main
[INFO] [TICK 817] kernel_main: timeslice ticks = 9
[INFO] Selected next process: idle
[INFO] Selected next process: kernel_main
[INFO] [TICK 818] kernel_main: timeslice ticks = 9
[INFO] Selected next process: idle
[INFO] Selected next process: kernel_main
[INFO] [TICK 819] kernel_main: timeslice ticks = 9
[INFO] Selected next process: idle
[INFO] Selected next process: kernel_main
[INFO] [TICK 820] kernel_main: timeslice ticks = 9
[INFO] Selected next process: idle
[INFO] Selected next process: kernel_main
[INFO] [TICK 821] kernel_main: timeslice ticks = 9
[INFO] Selected next process: idle
[INFO] Selected next process: kernel_main
[INFO] [TICK 822] kernel_main: timeslice ticks = 9
[INFO] Selected next process: idle
[INFO] Selected next process: kernel_main
[INFO] [TICK 823] kernel_main: timeslice ticks = 9
[INFO] Selected next process: idle
[INFO] Selected next process: kernel_main
[INFO] [TICK 824] kernel_main: timeslice ticks = 9
[INFO] Selected next process: idle
[INFO] Selected next process: kernel_main
[INFO] [TICK 825] kernel_main: timeslice ticks = 9
[INFO] Selected next process: idle
[INFO] Selected next process: kernel_main
[INFO] [TICK 826] kernel_main: timeslice ticks = 9
[INFO] Selected next process: idle
[INFO] Selected next process: kernel_main
[INFO] [TICK 827] kernel_main: timeslice ticks = 9
[INFO] Selected next process: idle
[INFO] Selected next process: kernel_main
[INFO] [TICK 828] kernel_main: timeslice ticks = 9
[INFO] Selected next process: idle
[INFO] Selected next process: kernel_main
[INFO] [TICK 829] kernel_main: timeslice ticks = 9
[INFO] Selected next process: idle
[INFO] Selected next process: kernel_main
[INFO] [TICK 830] kernel_main: timeslice ticks = 9
[INFO] Selected next process: idle
[INFO] Selected next process: kernel_main
[INFO] [TICK 831] kernel_main: timeslice ticks = 9
[INFO] Selected next process: idle
[INFO] Selected next process: kernel_main
[INFO] [TICK 832] kernel_main: timeslice ticks = 9
[INFO] Selected next process: idle
[INFO] Selected next process: kernel_main
[INFO] [TICK 833] kernel_main: timeslice ticks = 9
[INFO] Selected next process: idle
[INFO] Selected next process: kernel_main
[INFO] [TICK 834] kernel_main: timeslice ticks = 9
[INFO] Selected next process: idle
[INFO] Selected next process: kernel_main
[INFO] [TICK 835] kernel_main: timeslice ticks = 9
[INFO] Selected next process: idle
[INFO] Selected next process: kernel_main
[INFO] [TICK 836] kernel_main: timeslice ticks = 9
[INFO] Selected next process: idle
[INFO] Selected next process: kernel_main
[INFO] [TICK 837] kernel_main: timeslice ticks = 9
[INFO] Selected next process: idle
[INFO] Selected next process: kernel_main
[INFO] [TICK 838] kernel_main: timeslice ticks = 9
[INFO] Selected next process: idle
[INFO] Selected next process: kernel_main
[INFO] [TICK 839] kernel_main: timeslice ticks = 9
[INFO] Selected next process: idle
[INFO] Selected next process: kernel_main
[INFO] [TICK 840] kernel_main: timeslice ticks = 9
[INFO] Selected next process: idle
[INFO] Selected next process: kernel_main
[INFO] [TICK 841] kernel_main: timeslice ticks = 9
[INFO] Selected next process: idle
[INFO] Selected next process: kernel_main
[INFO] [TICK 842] kernel_main: timeslice ticks = 9
[INFO] Selected next process: idle
[INFO] Selected next process: kernel_main
[INFO] [TICK 843] kernel_main: timeslice ticks = 9
[INFO] Selected next process: idle
[INFO] [TICK 844] idle: timeslice ticks = -141
[INFO] Selected next process: kernel_main
[INFO] [TICK 845] kernel_main: timeslice ticks = 9
[INFO] Selected next process: idle
[INFO] Selected next process: kernel_main
[INFO] [TICK 846] kernel_main: timeslice ticks = 9
[INFO] Selected next process: idle
[INFO] Selected next process: kernel_main
[INFO] [TICK 847] kernel_main: timeslice ticks = 9
[INFO] Selected next process: idle
